country_name,district_name,area_sqm,bedrooms,bathrooms,property_age_years,distance_to_beirut_km,quality_score,price_usd
Lebanon,Nabatieh,109.32,4,3,1,5.46,3.51,185202
Lebanon,Nabatieh,176.84,2,1,36,34.08,-0.46,97599
Lebanon,Beirut,119.99,2,1,3,12.42,1.31,191985
Lebanon,Mount Lebanon,126.63,2,1,24,-2.43,-0.76,121432
Lebanon,Beirut,87.95,3,2,11,36.15,4.83,135299
Lebanon,South,159.63,3,2,4,29.55,0.8,165707
Lebanon,Nabatieh,137.45,3,1,26,33.38,4.35,89406
Lebanon,Nabatieh,221.99,4,3,32,13.09,3.71,173574
Lebanon,Beirut,235.46,6,4,10,39.32,2.48,177525
Lebanon,South,46.88,1,1,36,27.51,1.56,19438
Lebanon,Nabatieh,135.09,3,2,15,8.0,2.83,181405
Lebanon,North,245.45,4,3,8,28.29,1.23,212231
Lebanon,North,159.19,2,1,53,33.44,-0.68,111766
Lebanon,Mount Lebanon,131.05,4,2,6,31.51,1.01,163053
Lebanon,Nabatieh,109.6,1,1,19,22.12,2.94,98428
Lebanon,Bekaa,97.94,2,2,22,25.72,0.77,83316
Lebanon,South,59.89,2,2,28,1.12,3.27,61435
Lebanon,South,117.52,1,2,37,23.99,1.27,64087
Lebanon,Nabatieh,172.09,5,4,29,22.01,3.67,151029
Lebanon,Bekaa,138.3,2,2,17,36.82,0.36,149411
Lebanon,Bekaa,145.24,1,1,27,56.37,-0.07,78045
Lebanon,North,137.8,3,2,8,16.98,3.39,115332
Lebanon,South,113.63,2,1,2,27.57,0.79,36276
Lebanon,Nabatieh,157.96,4,3,9,22.6,4.27,223945
Lebanon,Mount Lebanon,65.79,1,1,3,10.96,-0.1,59903
Lebanon,Beirut,95.54,1,1,0,16.67,-2.58,58661
Lebanon,South,86.15,3,1,8,25.57,-1.46,134054
Lebanon,Beirut,128.01,4,3,5,38.76,3.42,225571
Lebanon,South,177.11,2,2,10,7.82,-0.66,135389
Lebanon,Nabatieh,118.01,2,1,8,31.85,4.48,109642
Lebanon,Bekaa,172.96,3,2,4,20.47,0.6,246096
Lebanon,South,53.12,1,1,0,36.11,-0.48,-9884
Lebanon,Mount Lebanon,81.89,1,1,40,13.56,-0.26,16701
Lebanon,South,208.93,4,3,5,12.21,1.15,252180
Lebanon,North,135.93,2,1,15,51.63,0.75,89386
Lebanon,Mount Lebanon,120.21,2,1,51,34.03,0.25,56818
Lebanon,Beirut,242.64,6,4,13,12.82,3.93,335436
Lebanon,Beirut,184.83,4,1,16,16.49,0.53,196137
Lebanon,Mount Lebanon,126.97,2,1,12,8.64,4.04,132093
Lebanon,Bekaa,150.85,3,2,3,32.82,2.34,191260
Lebanon,Mount Lebanon,67.06,2,1,26,24.11,0.01,-14518
Lebanon,Nabatieh,122.62,4,4,11,14.05,4.83,146254
Lebanon,North,72.64,3,1,11,23.61,3.67,74471
Lebanon,Beirut,124.81,2,1,13,4.07,-1.73,84660
Lebanon,Bekaa,237.05,5,3,44,15.13,5.08,325467
Lebanon,Nabatieh,77.45,2,2,8,11.59,1.54,80404
Lebanon,Bekaa,113.91,2,1,17,31.15,0.26,128391
Lebanon,Mount Lebanon,111.78,1,1,2,24.37,2.65,-6939
Lebanon,South,141.87,1,1,18,0.08,-0.41,116512
Lebanon,Mount Lebanon,172.34,3,2,32,10.69,3.43,247740
Lebanon,South,73.69,2,1,3,10.48,0.49,100442
Lebanon,Bekaa,69.23,2,1,8,13.48,1.38,16129
Lebanon,Beirut,121.57,2,1,1,16.45,1.39,128799
Lebanon,Nabatieh,145.18,1,2,0,33.15,2.96,197003
Lebanon,Nabatieh,200.89,5,3,0,3.87,4.46,283243
Lebanon,Bekaa,101.28,1,1,9,10.4,1.69,20069
Lebanon,North,79.59,2,1,11,18.82,-1.11,75530
Lebanon,Bekaa,116.95,2,1,0,12.44,3.08,174183
Lebanon,Bekaa,119.75,1,2,7,-6.36,1.67,86062
Lebanon,Beirut,115.89,2,1,5,28.32,1.88,190156
Lebanon,Bekaa,112.63,2,3,13,38.77,1.78,194033
Lebanon,North,77.24,2,2,6,28.51,0.37,98602
Lebanon,North,131.35,2,2,4,23.01,-0.64,121256
Lebanon,Mount Lebanon,152.04,2,2,21,40.3,2.89,172619
Lebanon,Mount Lebanon,164.84,1,1,21,15.1,1.53,99436
Lebanon,North,95.18,2,2,8,4.76,4.5,109798
Lebanon,Nabatieh,166.2,3,1,27,25.53,1.44,78751
Lebanon,North,178.69,1,1,9,-22.04,0.56,209983
Lebanon,North,176.83,4,3,9,14.45,2.8,187075
Lebanon,Bekaa,189.49,4,2,0,23.5,2.26,247940
Lebanon,North,111.29,2,2,1,39.67,-0.29,28024
Lebanon,Bekaa,161.25,2,1,22,31.04,-0.59,145409
Lebanon,South,51.67,2,1,1,21.92,0.23,63776
Lebanon,Bekaa,130.47,1,1,18,13.95,0.25,111363
Lebanon,South,93.47,1,1,49,37.14,-1.12,36208
Lebanon,Bekaa,101.56,4,2,38,9.63,0.42,116393
Lebanon,Bekaa,75.47,2,2,11,31.73,2.54,121212
Lebanon,Mount Lebanon,164.42,2,3,5,51.69,2.74,91411
Lebanon,South,169.5,3,2,50,16.78,3.29,141485
Lebanon,South,115.98,3,3,16,-9.02,3.28,214202
Lebanon,North,110.54,1,2,1,30.35,0.35,68445
Lebanon,Mount Lebanon,78.47,2,1,9,39.62,0.48,132540
Lebanon,Beirut,140.12,4,4,4,17.57,-0.06,34976
Lebanon,North,107.62,3,3,1,44.28,1.05,72266
Lebanon,Nabatieh,150.29,1,1,10,47.71,1.42,83960
Lebanon,Beirut,207.58,3,4,44,9.8,0.73,202925
Lebanon,North,118.38,1,1,17,12.66,2.77,171395
Lebanon,Mount Lebanon,47.09,2,2,11,31.24,2.81,91227
Lebanon,Bekaa,185.26,2,2,2,0.99,-0.21,80981
Lebanon,Beirut,131.33,2,2,15,8.27,0.83,154998
Lebanon,North,43.99,1,1,7,-2.08,0.71,68747
Lebanon,South,152.68,2,1,28,-4.88,0.82,121749
Lebanon,Beirut,102.01,2,2,34,-4.41,4.41,152288
Lebanon,Bekaa,86.2,2,1,7,17.25,1.55,96559
Lebanon,Nabatieh,152.0,3,2,5,19.75,2.07,181395
Lebanon,Nabatieh,179.11,3,2,4,9.67,1.45,171234
Lebanon,South,180.62,3,3,46,19.9,1.25,165512
Lebanon,Bekaa,188.1,3,3,23,15.47,4.39,222789
Lebanon,South,113.45,2,2,7,11.93,0.16,137951
Lebanon,Mount Lebanon,100.84,1,1,5,2.77,3.75,147043
Lebanon,South,165.56,3,2,3,36.29,2.36,180624
Lebanon,Mount Lebanon,101.99,1,1,3,-4.13,2.86,104320
Lebanon,Mount Lebanon,153.3,4,3,20,43.37,3.38,168592
Lebanon,South,130.96,3,1,53,33.45,0.39,77931
Lebanon,Beirut,166.34,4,3,2,7.47,2.37,123275
Lebanon,Mount Lebanon,173.13,3,2,3,13.07,0.87,205374
Lebanon,North,137.05,2,1,3,2.58,1.17,127130
Lebanon,Bekaa,97.17,3,2,2,59.49,2.97,113049
Lebanon,Bekaa,70.79,2,1,28,-1.1,0.94,85957
Lebanon,South,129.93,3,1,4,39.17,-1.06,92703
Lebanon,Beirut,179.61,4,1,0,11.01,2.95,247733
Lebanon,North,221.4,4,1,22,28.39,-0.03,206996
Lebanon,Mount Lebanon,97.43,2,2,6,26.53,2.06,77052
Lebanon,Mount Lebanon,58.35,2,3,14,16.96,3.31,39485
Lebanon,Beirut,141.28,3,3,10,22.36,2.97,201658
Lebanon,South,95.63,1,3,6,12.41,3.97,148534
Lebanon,South,73.85,2,2,1,0.76,1.54,80115
Lebanon,South,158.54,3,3,2,7.68,1.61,106108
Lebanon,South,88.31,4,2,2,36.94,2.19,110978
Lebanon,Beirut,84.57,3,2,7,21.16,1.22,172407
Lebanon,Beirut,189.21,3,2,3,2.48,1.83,252658
Lebanon,Nabatieh,117.38,3,2,9,26.87,5.16,215735
Lebanon,North,113.66,2,2,5,39.61,1.72,124767
Lebanon,Nabatieh,156.08,2,1,6,29.06,2.8,202769
Lebanon,Beirut,164.7,6,4,6,33.43,3.04,153423
Lebanon,Beirut,145.48,3,4,10,28.86,1.34,140730
Lebanon,Bekaa,149.04,3,3,0,39.59,1.07,110981
Lebanon,Nabatieh,189.9,4,4,2,14.63,1.87,181258
Lebanon,Beirut,173.01,4,3,24,23.94,4.34,297540
Lebanon,South,128.24,2,1,29,18.92,2.59,128199
Lebanon,Beirut,199.58,4,3,23,25.89,4.29,225160
Lebanon,Mount Lebanon,181.59,3,2,21,19.88,2.35,154239
Lebanon,Bekaa,149.29,3,1,8,-6.5,0.51,190533
Lebanon,North,170.15,2,1,1,16.34,-0.12,178952
Lebanon,South,110.0,3,4,21,28.74,1.58,107167
Lebanon,Nabatieh,128.76,2,1,1,19.46,3.63,173625
Lebanon,North,132.92,3,2,4,21.94,2.16,130739
Lebanon,North,129.35,4,2,15,16.77,0.7,187783
Lebanon,Beirut,161.99,4,3,7,29.06,3.44,180315
Lebanon,Bekaa,117.12,3,1,47,-9.05,1.08,137062
Lebanon,Nabatieh,158.65,2,2,10,21.78,3.15,187093
Lebanon,Nabatieh,175.35,4,3,80,21.8,2.97,134824
Lebanon,Beirut,151.12,2,1,0,14.28,1.1,160008
Lebanon,Nabatieh,129.12,3,1,17,14.26,0.93,142452
Lebanon,Nabatieh,82.2,2,3,8,28.45,2.2,98404
Lebanon,Nabatieh,131.03,2,2,2,9.64,1.29,123434
Lebanon,Beirut,134.36,2,3,19,-1.96,1.58,226543
Lebanon,South,191.56,4,3,7,37.8,1.7,163427
Lebanon,Nabatieh,210.35,5,4,18,13.09,4.94,287914
Lebanon,South,109.01,2,2,21,17.78,3.52,141473
Lebanon,Beirut,39.05,1,1,6,30.45,-1.06,34584
Lebanon,Mount Lebanon,255.11,5,4,3,39.54,3.39,246622
Lebanon,Mount Lebanon,183.19,3,2,4,30.48,0.8,176732
Lebanon,Mount Lebanon,147.1,2,1,21,45.69,2.05,70267
Lebanon,North,186.83,3,1,11,40.02,3.13,168010
Lebanon,Beirut,58.27,2,2,15,21.1,1.23,32804
Lebanon,Mount Lebanon,109.47,3,1,8,-2.76,1.42,181631
Lebanon,North,133.94,2,1,8,27.35,-1.41,162323
Lebanon,North,164.15,2,1,14,16.86,1.13,69129
Lebanon,North,140.8,4,1,29,45.96,2.33,104464
Lebanon,North,84.49,3,2,32,27.81,3.16,153625
Lebanon,Beirut,54.61,3,2,2,4.7,-2.04,113829
Lebanon,Beirut,95.49,3,4,7,45.63,5.53,131330
Lebanon,Mount Lebanon,220.36,5,3,2,15.44,2.56,307296
Lebanon,South,45.12,3,1,50,1.69,0.3,84843
Lebanon,South,165.63,4,3,2,5.76,2.49,208025
Lebanon,Nabatieh,205.46,3,2,20,9.97,1.09,163260
Lebanon,Nabatieh,103.08,1,2,3,19.28,3.19,146225
Lebanon,Bekaa,62.19,1,1,6,0.92,-0.06,54570
Lebanon,North,135.26,2,2,14,12.48,1.05,55374
Lebanon,North,146.74,2,1,8,26.67,1.46,137227
Lebanon,North,148.86,3,1,35,-0.57,3.49,223680
Lebanon,Beirut,30.85,2,1,8,21.26,3.31,101633
Lebanon,Mount Lebanon,104.4,2,2,0,19.55,2.03,168607
Lebanon,Mount Lebanon,91.35,2,2,37,17.24,-0.51,19095
Lebanon,South,105.85,2,3,3,6.79,0.79,63213
Lebanon,Nabatieh,199.02,3,2,31,5.73,1.09,191188
Lebanon,Nabatieh,250.67,5,5,20,19.69,3.07,296451
Lebanon,Nabatieh,63.64,2,2,3,16.56,-1.44,102451
Lebanon,Bekaa,167.85,2,2,7,32.12,-0.06,110955
Lebanon,Bekaa,181.71,2,2,19,18.69,1.04,197279
Lebanon,North,169.15,4,3,47,21.36,2.54,192515
Lebanon,Nabatieh,127.48,1,1,0,19.19,-2.69,79671
Lebanon,Bekaa,151.33,3,3,7,5.83,0.99,194973
Lebanon,North,155.41,4,3,12,13.76,0.21,162787
Lebanon,Bekaa,210.9,3,3,32,13.1,2.56,230522
Lebanon,North,74.42,1,1,13,30.72,0.2,60099
Lebanon,Nabatieh,193.38,4,3,15,50.44,3.84,226821
Lebanon,Mount Lebanon,199.49,5,3,14,5.79,2.11,324997
Lebanon,Mount Lebanon,197.73,5,2,61,28.43,3.58,185304
Lebanon,South,59.88,1,1,28,15.34,1.11,-74978
Lebanon,Mount Lebanon,111.13,2,1,9,27.76,1.24,140634
Lebanon,North,9.86,1,1,17,0.47,1.38,-7709
Lebanon,Nabatieh,124.6,2,2,11,23.39,1.22,81219
Lebanon,Bekaa,111.78,3,3,23,44.48,1.86,58683
Lebanon,Beirut,114.55,1,1,0,33.07,1.64,48551
Lebanon,Nabatieh,216.54,4,3,3,37.85,7.01,299318
Lebanon,Bekaa,184.88,2,2,44,-2.34,1.45,210845
Lebanon,South,180.44,2,2,7,11.97,1.57,277304
Lebanon,South,165.51,3,2,12,-9.26,3.38,177302
Lebanon,Bekaa,57.92,2,2,0,20.31,1.94,37640
Lebanon,North,106.05,1,1,10,18.07,4.33,123565
Lebanon,Beirut,125.87,2,2,60,19.38,-1.17,89101
Lebanon,Nabatieh,82.4,2,2,12,17.02,1.52,96661
Lebanon,South,131.29,3,2,55,4.1,-1.53,83462
Lebanon,Bekaa,62.52,2,2,23,20.65,0.71,63194
Lebanon,Bekaa,192.74,3,1,4,24.28,1.7,179097
Lebanon,Beirut,238.12,4,3,2,-3.28,-0.2,294764
Lebanon,Mount Lebanon,144.15,2,2,14,55.61,2.53,123128
Lebanon,Nabatieh,84.19,4,4,67,39.35,3.97,102676
Lebanon,Beirut,155.24,1,1,7,31.01,1.24,175571
Lebanon,Bekaa,103.28,3,2,23,0.16,1.31,127504
Lebanon,North,160.07,4,4,13,-13.11,2.81,259821
Lebanon,Nabatieh,133.99,1,1,0,16.44,2.43,158417
Lebanon,Bekaa,150.36,3,2,37,54.23,2.57,140304
Lebanon,Nabatieh,33.94,2,2,2,38.53,3.59,187
Lebanon,Nabatieh,97.91,1,1,9,38.77,-0.16,15177
Lebanon,Nabatieh,142.66,3,1,3,1.98,2.44,213501
Lebanon,Nabatieh,48.99,1,1,35,18.11,2.95,99326
Lebanon,South,157.32,4,2,7,-4.71,3.56,254395
Lebanon,Nabatieh,205.32,5,3,5,28.43,2.82,205741
Lebanon,Beirut,193.25,3,2,0,13.25,2.57,209972
Lebanon,Beirut,194.97,2,1,10,48.52,2.36,94694
Lebanon,South,87.19,2,1,7,-2.25,0.1,68367
Lebanon,Mount Lebanon,252.54,5,4,3,54.39,5.06,282581
Lebanon,Mount Lebanon,198.9,3,3,5,15.63,1.41,178833
Lebanon,Bekaa,68.41,3,3,2,18.04,2.66,122647
Lebanon,Mount Lebanon,125.11,2,1,4,40.33,3.72,151136
Lebanon,South,85.93,3,1,23,14.86,0.06,95527
Lebanon,Mount Lebanon,143.4,2,3,4,19.44,2.23,148450
Lebanon,North,179.96,3,2,27,40.09,3.49,227834
Lebanon,Bekaa,123.99,3,2,7,22.08,-0.25,106780
Lebanon,Beirut,237.46,4,3,13,47.92,1.13,187645
Lebanon,Beirut,132.97,2,2,4,28.16,-0.93,172785
Lebanon,Beirut,186.43,2,1,5,25.1,-0.14,169801
Lebanon,South,72.86,2,1,18,6.46,-1.11,106128
Lebanon,North,146.53,2,1,4,9.08,0.12,94900
Lebanon,South,116.91,2,2,39,17.6,2.62,106901
Lebanon,South,94.29,3,3,7,-2.33,3.02,214838
Lebanon,Nabatieh,157.68,3,2,18,27.94,2.26,150262
Lebanon,South,152.62,1,2,6,32.81,-1.76,94931
Lebanon,Bekaa,91.13,3,2,1,-1.46,1.05,144225
Lebanon,Bekaa,134.12,4,3,25,-5.67,1.69,132433
Lebanon,Mount Lebanon,115.0,2,3,3,11.35,2.45,89329
Lebanon,Nabatieh,252.76,6,5,17,20.98,6.52,301651
Lebanon,Bekaa,162.15,3,2,22,14.7,2.71,227077
Lebanon,North,118.26,2,1,6,10.97,2.89,113033
Lebanon,Mount Lebanon,77.17,2,1,9,-8.51,2.45,148473
Lebanon,Nabatieh,74.67,2,2,23,19.35,1.35,64104
Lebanon,Beirut,100.05,4,3,15,40.57,2.18,84207
Lebanon,Beirut,110.13,3,2,0,-10.02,2.29,154477
Lebanon,Bekaa,59.09,1,2,1,30.09,-0.11,-4858
Lebanon,North,202.23,2,2,6,-4.7,2.72,214386
Lebanon,Nabatieh,145.35,3,3,16,28.01,3.29,223262
Lebanon,North,209.44,4,3,14,42.63,2.66,141518
Lebanon,Mount Lebanon,159.84,3,3,3,19.94,3.22,138141
Lebanon,Beirut,194.48,2,2,40,24.4,-0.15,107890
Lebanon,Bekaa,155.86,2,1,38,24.44,0.24,157426
Lebanon,Beirut,255.28,5,5,8,37.37,3.16,306964
Lebanon,Nabatieh,58.82,2,2,6,17.2,5.16,124751
Lebanon,North,178.81,4,3,17,17.86,2.17,211773
Lebanon,North,204.9,3,2,0,25.99,3.36,318348
Lebanon,Bekaa,141.06,3,3,5,32.63,3.38,114891
Lebanon,South,183.98,3,1,8,20.92,1.69,189893
Lebanon,Nabatieh,86.49,1,1,7,9.5,1.7,98272
Lebanon,North,140.87,5,2,9,27.62,2.32,173240
Lebanon,Beirut,75.6,2,3,8,35.9,0.41,24083
Lebanon,Nabatieh,85.44,2,1,35,24.79,-0.4,1272
Lebanon,Nabatieh,88.42,1,1,5,39.82,-0.46,31997
Lebanon,Nabatieh,112.69,2,2,7,4.81,3.56,120715
Lebanon,South,143.15,3,2,5,4.83,1.58,130122
Lebanon,Mount Lebanon,47.45,2,1,42,20.92,1.14,87967
Lebanon,Bekaa,221.34,6,4,13,21.48,2.77,291375
Lebanon,Bekaa,179.18,4,4,1,16.97,2.76,293280
Lebanon,North,157.18,4,4,11,1.41,2.75,189692
Lebanon,Bekaa,101.67,2,2,19,18.83,2.39,110130
Lebanon,Mount Lebanon,115.43,1,1,1,13.3,2.08,107946
Lebanon,Bekaa,148.06,3,2,8,29.29,-0.64,131937
Lebanon,Nabatieh,141.07,3,1,13,15.87,1.86,147768
Lebanon,South,157.96,4,4,22,23.56,1.28,90799
Lebanon,Bekaa,269.41,4,3,14,-8.49,2.14,297251
Lebanon,Bekaa,170.98,2,2,19,-1.93,3.07,115761
Lebanon,Nabatieh,114.28,1,2,38,42.02,0.69,76062
Lebanon,Bekaa,190.35,5,4,22,19.6,3.97,289974
Lebanon,North,128.35,3,2,28,-2.17,2.4,179221
Lebanon,Beirut,109.9,3,3,32,11.5,2.75,183737
Lebanon,South,199.46,4,3,7,24.82,2.2,229291
Lebanon,Beirut,164.85,2,2,9,43.8,1.95,129242
Lebanon,North,154.38,3,2,41,14.4,3.04,156262
Lebanon,Beirut,114.61,3,2,11,21.64,4.05,140601
Lebanon,Bekaa,119.69,2,2,11,3.98,0.78,68715
Lebanon,Bekaa,65.16,2,3,19,40.4,2.75,127038
Lebanon,Mount Lebanon,199.08,4,3,0,16.56,3.46,303800
Lebanon,South,62.57,2,2,4,10.25,1.8,81583
Lebanon,Bekaa,65.5,1,2,12,78.43,0.09,-8954
Lebanon,North,199.24,3,3,1,47.65,-0.21,91790
Lebanon,Mount Lebanon,136.63,2,1,12,35.11,0.2,119642
Lebanon,Mount Lebanon,74.65,3,1,2,23.28,1.56,58391
Lebanon,South,183.21,2,1,14,6.04,1.01,153830
Lebanon,Bekaa,122.51,2,3,17,26.57,1.41,108755
Lebanon,Beirut,114.21,3,2,2,28.63,3.63,200021
Lebanon,North,219.29,3,2,11,49.55,3.33,176589
Lebanon,Beirut,61.85,1,1,28,36.15,2.05,18790
Lebanon,Mount Lebanon,95.48,4,4,13,11.99,2.06,141817
Lebanon,Bekaa,157.34,2,1,16,24.9,2.67,186860
Lebanon,Bekaa,152.98,4,4,10,10.02,3.13,197281
Lebanon,South,85.64,1,1,8,35.98,0.14,88456
Lebanon,North,121.23,3,4,1,47.95,1.92,128263
Lebanon,North,53.08,1,2,9,30.88,2.06,47787
Lebanon,Bekaa,161.07,1,2,8,22.52,-0.64,67370
Lebanon,Mount Lebanon,182.63,6,3,0,22.7,1.75,283286
Lebanon,Bekaa,153.4,3,3,8,17.92,3.38,199392
Lebanon,Mount Lebanon,121.06,2,1,2,-0.89,-0.01,113616
Lebanon,Mount Lebanon,229.4,3,2,39,15.56,0.04,162126
Lebanon,North,154.32,2,2,22,29.57,2.57,155580
Lebanon,Nabatieh,101.78,1,1,8,13.05,2.08,97193
Lebanon,South,157.63,4,3,11,25.64,1.55,188064
Lebanon,Bekaa,140.97,2,1,1,18.11,2.72,122028
Lebanon,Beirut,76.0,2,2,3,4.46,2.94,70905
Lebanon,North,123.75,2,1,11,6.42,0.36,187731
Lebanon,Nabatieh,111.52,2,3,8,8.93,4.73,115605
Lebanon,Nabatieh,18.92,2,1,26,15.86,1.05,23181
Lebanon,North,97.47,2,2,1,3.65,2.39,157821
Lebanon,Mount Lebanon,117.96,3,1,3,13.34,-1.02,131880
Lebanon,Beirut,152.51,2,1,5,42.88,3.97,224435
Lebanon,South,57.52,3,2,11,29.43,-2.58,22968
Lebanon,Beirut,108.5,3,2,20,34.93,2.72,149858
Lebanon,Nabatieh,187.08,3,4,36,22.23,2.96,230899
Lebanon,Beirut,84.41,1,1,33,35.14,-3.78,9219
Lebanon,Nabatieh,100.26,3,1,9,13.22,3.68,207461
Lebanon,Nabatieh,131.37,3,2,20,44.36,2.16,169565
Lebanon,Mount Lebanon,173.92,2,2,1,11.1,1.36,166883
Lebanon,Nabatieh,68.25,3,2,3,36.97,3.19,108645
Lebanon,Nabatieh,64.28,1,1,9,15.56,2.21,89533
Lebanon,South,76.11,2,2,18,35.17,-0.58,120514
Lebanon,Bekaa,76.92,1,1,26,18.75,2.43,101099
Lebanon,Nabatieh,135.46,4,3,21,16.05,1.44,161720
Lebanon,South,140.57,5,3,3,11.54,3.11,223494
Lebanon,Mount Lebanon,82.6,1,1,10,-0.57,1.62,114105
Lebanon,North,136.5,2,2,6,-7.47,0.66,161396
Lebanon,North,87.35,2,1,18,-14.42,-0.26,93567
Lebanon,Bekaa,116.67,3,1,40,-22.64,2.58,131882
Lebanon,South,73.1,2,3,37,11.08,2.9,89729
Lebanon,Beirut,133.86,3,3,6,41.45,2.7,130388
Lebanon,Bekaa,164.12,3,2,12,-4.62,1.58,172674
Lebanon,Nabatieh,78.1,2,3,5,15.58,3.05,34905
Lebanon,Beirut,109.3,2,2,20,-7.77,1.43,125041
Lebanon,Nabatieh,176.86,5,3,3,37.53,0.92,263908
Lebanon,South,94.58,2,4,13,26.17,2.49,134278
Lebanon,Nabatieh,129.61,2,1,4,25.52,1.93,172486
Lebanon,Bekaa,78.16,2,1,18,45.92,-0.16,80242
Lebanon,North,93.83,2,2,3,36.44,0.35,48023
Lebanon,North,228.82,3,1,13,11.65,2.07,220441
Lebanon,Beirut,93.5,1,2,0,4.48,0.98,42469
Lebanon,Mount Lebanon,91.84,3,2,22,-6.44,3.28,148286
Lebanon,South,111.72,1,1,40,48.42,1.37,61941
Lebanon,Nabatieh,129.47,3,1,13,22.58,2.02,115360
Lebanon,Nabatieh,222.89,5,4,18,23.62,5.84,299195
Lebanon,Mount Lebanon,130.69,2,1,32,51.73,2.78,69411
Lebanon,Mount Lebanon,192.37,3,2,3,11.92,5.7,224535
Lebanon,Mount Lebanon,133.84,2,1,27,38.84,1.22,-7214
Lebanon,Nabatieh,150.28,4,3,28,25.29,2.47,131086
Lebanon,South,47.82,2,1,4,18.26,3.15,123782
Lebanon,Mount Lebanon,113.65,2,1,8,-8.99,0.43,155568
Lebanon,Bekaa,107.85,1,1,4,9.13,1.17,203143
Lebanon,South,164.03,2,1,32,24.1,-0.89,69531
Lebanon,Beirut,100.64,3,2,24,22.08,2.29,106506
Lebanon,Mount Lebanon,107.24,2,1,9,10.27,1.17,179724
Lebanon,Beirut,108.6,3,2,57,23.16,2.18,64317
Lebanon,Nabatieh,140.35,3,2,10,24.93,1.63,165216
Lebanon,Bekaa,73.45,1,1,20,31.13,1.55,16630
Lebanon,Beirut,134.53,5,2,4,16.71,2.45,195914
Lebanon,North,101.17,1,1,30,9.68,2.38,98601
Lebanon,Beirut,196.17,5,4,7,15.3,3.28,257923
Lebanon,Nabatieh,162.2,4,2,27,23.19,4.85,287331
Lebanon,North,159.15,4,2,16,25.44,1.7,217086
Lebanon,Bekaa,33.42,1,1,13,43.78,1.79,-9150
Lebanon,Mount Lebanon,99.51,2,3,6,7.35,0.79,104243
Lebanon,Nabatieh,94.24,3,2,6,27.59,3.72,166642
Lebanon,Bekaa,124.97,1,1,2,43.37,1.0,111275
Lebanon,Nabatieh,13.24,2,2,8,2.48,1.59,43840
Lebanon,North,144.77,2,1,9,46.26,1.84,96447
Lebanon,Mount Lebanon,86.96,1,2,16,-11.13,1.3,78642
Lebanon,Mount Lebanon,62.19,1,1,10,15.98,0.44,75926
Lebanon,North,51.45,1,1,14,5.0,-2.99,-103354
Lebanon,North,69.7,1,1,7,17.32,1.96,-24347
Lebanon,North,119.4,3,1,11,-9.35,2.29,176329
Lebanon,South,149.5,2,1,6,29.66,1.29,94821
Lebanon,Beirut,148.21,3,2,12,17.3,4.32,177065
Lebanon,Nabatieh,80.42,2,1,18,42.49,-3.06,41252
Lebanon,South,142.49,2,1,20,10.43,1.87,123114
Lebanon,North,181.92,3,1,1,19.7,1.05,197304
Lebanon,Beirut,136.97,2,2,52,4.61,2.38,143389
Lebanon,Nabatieh,171.63,4,3,41,34.89,5.81,163543
Lebanon,Nabatieh,137.13,3,2,3,21.56,4.03,202168
Lebanon,North,172.64,4,2,61,20.25,2.31,197319
Lebanon,Beirut,126.72,4,2,2,52.85,2.84,134343
Lebanon,Nabatieh,181.48,4,2,2,1.89,0.94,256832
Lebanon,Mount Lebanon,182.26,3,2,19,23.72,2.15,138307
Lebanon,North,191.96,3,3,2,16.0,0.78,190805
Lebanon,North,128.24,2,1,2,29.71,-0.74,64470
Lebanon,Nabatieh,124.34,3,2,2,38.02,4.83,131478
Lebanon,Nabatieh,158.88,3,1,13,32.73,1.03,135390
Lebanon,Beirut,137.43,3,1,5,20.64,0.74,183138
Lebanon,Mount Lebanon,133.88,3,3,11,7.03,2.55,255708
Lebanon,Nabatieh,81.85,2,2,10,35.89,0.1,45335
Lebanon,North,124.52,2,1,0,14.46,1.27,113230
Lebanon,Mount Lebanon,153.57,5,3,14,28.91,1.13,235643
Lebanon,Beirut,86.88,1,2,13,50.51,0.8,24695
Lebanon,South,163.57,3,1,43,11.12,3.04,146705
Lebanon,Bekaa,154.61,2,1,8,-10.79,0.91,183408
Lebanon,Beirut,160.38,5,5,43,-3.6,2.48,212385
Lebanon,Mount Lebanon,89.08,2,1,24,26.96,-0.78,110656
Lebanon,Mount Lebanon,232.12,5,4,35,13.8,4.51,229563
Lebanon,South,78.5,2,2,22,6.04,1.37,101657
Lebanon,Bekaa,84.7,2,2,4,39.04,-0.95,24966
Lebanon,South,68.87,1,2,41,24.21,3.83,123580
Lebanon,Nabatieh,206.25,5,4,4,0.47,3.52,263967
Lebanon,Nabatieh,84.79,2,2,8,6.38,2.84,135965
Lebanon,Nabatieh,161.08,5,3,1,16.68,1.82,230883
Lebanon,Mount Lebanon,177.83,5,3,8,11.76,2.48,223942
Lebanon,Mount Lebanon,50.79,1,1,11,20.31,2.3,28010
Lebanon,Mount Lebanon,169.06,4,4,4,28.93,2.21,231426
Lebanon,South,86.4,1,2,25,-6.15,1.12,65949
Lebanon,Mount Lebanon,233.98,5,4,3,-2.49,4.1,296450
Lebanon,Beirut,123.71,4,3,9,32.8,1.41,154393
Lebanon,North,159.89,3,3,11,39.4,2.85,194992
Lebanon,North,210.06,3,2,0,25.31,0.63,231994
Lebanon,North,144.31,1,1,24,-1.16,1.54,48056
Lebanon,Nabatieh,138.55,2,2,90,4.99,-0.12,45299
Lebanon,Mount Lebanon,188.78,4,2,4,24.63,-1.06,217088
Lebanon,Nabatieh,81.32,3,1,0,53.24,0.09,14589
Lebanon,Beirut,170.82,5,3,6,19.55,3.3,199704
Lebanon,North,101.01,2,1,3,32.83,2.92,136495
Lebanon,Mount Lebanon,134.81,3,2,15,14.62,1.4,172585
Lebanon,Bekaa,177.52,4,1,16,27.86,-1.66,195833
Lebanon,Mount Lebanon,155.48,5,4,16,8.99,0.1,187244
Lebanon,North,140.35,3,1,12,37.65,1.77,106505
Lebanon,Nabatieh,164.85,5,2,6,21.7,1.72,238007
Lebanon,Mount Lebanon,142.79,1,1,19,17.12,-0.07,142949
Lebanon,South,171.5,2,1,12,15.12,-1.16,183453
Lebanon,North,72.46,1,1,10,38.82,-1.76,890
Lebanon,Beirut,166.5,4,2,0,43.75,3.23,197707
Lebanon,South,12.02,2,1,15,6.28,2.2,59173
Lebanon,Nabatieh,171.26,5,4,13,8.4,1.94,231048
Lebanon,Beirut,83.79,2,2,10,35.8,2.28,47812
Lebanon,Mount Lebanon,104.7,2,2,21,24.04,1.83,116935
Lebanon,South,53.72,2,2,3,28.05,3.24,37911
Lebanon,Bekaa,101.97,2,1,21,18.74,-0.29,46997
Lebanon,South,138.5,3,3,1,4.59,1.5,208005
Lebanon,Mount Lebanon,157.61,4,4,15,22.5,3.83,204076
Lebanon,Mount Lebanon,60.9,2,1,30,26.67,0.97,15169
Lebanon,Nabatieh,153.89,3,2,0,14.23,2.45,211706
Lebanon,Mount Lebanon,43.18,1,1,17,13.44,2.36,36633
Lebanon,South,212.23,3,2,19,24.04,-0.92,217333
Lebanon,Nabatieh,76.97,2,2,10,15.73,1.77,118140
Lebanon,Mount Lebanon,132.37,3,3,19,7.41,2.86,171808
Lebanon,Nabatieh,129.99,3,1,11,-2.72,0.37,164769
Lebanon,South,190.57,3,2,3,12.36,0.78,268094
Lebanon,Bekaa,170.4,5,3,33,33.67,2.44,204186
Lebanon,South,176.11,5,3,16,14.28,0.9,154427
Lebanon,North,101.89,3,3,29,18.89,0.79,107834
Lebanon,Nabatieh,135.85,3,1,34,33.46,3.55,147003
Lebanon,Mount Lebanon,125.49,4,4,19,-4.87,2.5,162311
Lebanon,North,138.07,3,2,1,5.87,0.57,193518
Lebanon,Mount Lebanon,156.73,3,1,29,18.82,0.46,83499
Lebanon,Beirut,60.92,1,1,4,28.25,1.58,77474
Lebanon,North,176.42,4,3,5,46.69,0.59,175532
Lebanon,Beirut,180.3,5,5,0,15.17,3.3,258386
Lebanon,Mount Lebanon,148.4,3,1,17,35.97,1.16,147559
Lebanon,Nabatieh,99.8,3,2,12,15.18,4.8,201512
Lebanon,Mount Lebanon,106.34,2,1,4,15.03,2.07,140908
Lebanon,Nabatieh,135.36,3,2,4,-4.52,2.67,240659
Lebanon,South,149.43,3,3,31,33.05,3.26,148506
Lebanon,South,110.99,3,3,30,20.46,3.12,96249
Lebanon,North,123.21,2,2,8,7.53,-1.84,198447
Lebanon,North,173.1,3,4,12,26.16,3.6,138964
Lebanon,Bekaa,171.63,3,2,11,31.13,2.88,169305
Lebanon,Beirut,105.19,3,3,25,17.01,1.42,155465
Lebanon,Mount Lebanon,171.03,2,1,7,11.54,0.39,212369
Lebanon,South,176.2,5,4,1,42.74,2.47,170817
Lebanon,Nabatieh,155.82,3,2,20,35.95,2.23,114695
Lebanon,Nabatieh,145.18,2,1,3,24.31,0.44,191543
Lebanon,Nabatieh,139.88,3,2,28,27.33,1.97,109446
Lebanon,Nabatieh,131.3,4,1,7,2.86,0.29,176213
Lebanon,Nabatieh,169.51,2,2,9,21.29,1.48,118166
Lebanon,Bekaa,94.4,2,1,29,-6.27,-0.65,96532
Lebanon,North,206.78,4,2,1,-9.4,3.56,277909
Lebanon,Nabatieh,114.69,3,1,3,8.06,0.09,126246
Lebanon,Bekaa,169.27,4,3,19,-2.83,2.12,246912
Lebanon,Bekaa,115.49,2,1,21,28.27,-1.63,54536
Lebanon,Nabatieh,221.61,4,3,14,15.93,0.61,274417
Lebanon,North,56.14,2,1,3,17.02,0.89,-30571
Lebanon,North,84.3,2,1,5,16.59,1.85,148529
Lebanon,Mount Lebanon,104.14,4,1,4,22.61,-0.73,127419
Lebanon,Beirut,227.76,3,1,44,25.88,-0.37,186347
Lebanon,Nabatieh,130.34,3,3,6,13.54,1.82,117208
Lebanon,Nabatieh,166.74,2,4,15,8.62,-0.05,97385
Lebanon,North,137.63,3,1,11,32.7,0.87,232317
Lebanon,Nabatieh,210.08,3,2,26,42.53,2.22,163754
Lebanon,North,135.13,3,1,52,2.46,0.47,158643
Lebanon,Bekaa,106.83,1,2,23,27.93,1.28,57729
Lebanon,North,149.93,4,3,29,51.39,1.97,138392
Lebanon,South,147.01,2,2,1,21.62,1.45,197935
Lebanon,Mount Lebanon,98.05,2,2,9,24.9,2.37,144138
Lebanon,Beirut,53.07,1,1,14,11.92,0.3,59564
Lebanon,Mount Lebanon,193.99,3,1,14,45.57,-1.03,191267
Lebanon,North,170.84,4,4,26,26.76,2.54,266063
Lebanon,South,93.95,3,1,5,26.01,1.52,57788
Lebanon,Nabatieh,160.61,1,1,10,13.47,2.99,144213
Lebanon,Bekaa,115.72,1,1,34,9.21,1.63,110920
Lebanon,Nabatieh,119.93,3,2,75,23.79,0.24,-12101
Lebanon,South,175.7,4,2,20,33.77,2.64,237510
Lebanon,Bekaa,126.19,2,1,22,22.97,1.04,178995
Lebanon,Nabatieh,112.31,2,1,8,15.55,-1.84,47667
Lebanon,Bekaa,106.17,3,2,20,4.53,2.75,202355
Lebanon,Nabatieh,137.07,2,1,8,10.42,3.09,209479
Lebanon,North,114.08,3,3,7,20.42,1.88,94334
Lebanon,Beirut,89.46,1,1,27,1.04,1.27,179580
Lebanon,Bekaa,220.2,4,2,27,-29.03,1.01,230410
Lebanon,Mount Lebanon,186.45,3,3,41,38.7,-0.44,87935
Lebanon,Nabatieh,142.5,2,1,1,38.14,0.85,164833
Lebanon,Nabatieh,117.32,3,2,4,-1.73,1.69,184341
Lebanon,North,229.54,4,4,0,9.67,1.5,259898
Lebanon,South,136.15,1,1,4,23.59,-0.49,105718
Lebanon,North,135.16,2,2,32,7.6,1.22,198221
Lebanon,Beirut,190.52,2,1,15,16.85,0.18,145505
Lebanon,South,119.05,3,1,18,12.15,1.7,115807
Lebanon,South,224.97,5,4,33,23.64,3.29,249710
Lebanon,Beirut,154.7,4,3,22,9.01,0.41,121627
Lebanon,Beirut,69.91,2,1,16,20.83,0.51,75887
Lebanon,Nabatieh,210.86,3,2,69,-4.54,0.83,144334
Lebanon,Nabatieh,103.47,3,1,10,42.2,1.55,86175
Lebanon,Nabatieh,117.09,1,1,39,-5.71,2.35,108242
Lebanon,Beirut,166.21,2,2,2,19.2,2.75,166222
Lebanon,Bekaa,182.77,2,1,15,25.56,1.99,227710
Lebanon,Nabatieh,102.69,3,3,3,24.37,1.58,163577
Lebanon,Beirut,102.55,2,2,4,22.64,0.12,91469
Lebanon,Nabatieh,85.78,1,1,10,12.98,0.57,83188
Lebanon,South,100.7,3,2,17,11.51,1.64,134356
Lebanon,Nabatieh,195.8,3,3,14,13.23,1.5,196853
Lebanon,South,144.62,4,2,16,17.31,3.28,139230
Lebanon,North,72.41,1,1,42,26.01,4.87,69535
Lebanon,South,112.68,2,2,36,22.44,-0.23,32406
Lebanon,Beirut,68.02,3,1,81,27.6,1.34,-8526
Lebanon,Bekaa,124.96,1,1,15,7.73,1.08,121223
Lebanon,Beirut,111.93,1,1,7,45.14,1.69,42862
Lebanon,South,107.68,2,2,12,30.36,0.29,98107
Lebanon,Beirut,42.31,1,1,2,22.79,1.09,69321
Lebanon,Bekaa,149.79,3,1,11,15.94,2.86,158942
Lebanon,Beirut,134.41,4,2,6,-9.02,0.52,169226
Lebanon,South,112.3,3,2,26,44.53,-0.51,-17329
Lebanon,Nabatieh,169.25,2,2,9,9.03,3.01,222707
Lebanon,Beirut,180.92,3,3,3,8.57,3.27,174284
Lebanon,Bekaa,80.95,2,2,0,21.49,-0.06,52969
Lebanon,North,197.36,3,3,3,48.84,1.76,172019
Lebanon,Mount Lebanon,190.94,3,2,18,45.55,2.08,161896
Lebanon,Beirut,83.08,1,1,11,30.97,1.29,-11963
Lebanon,Mount Lebanon,88.12,2,3,6,31.77,1.58,21039
Lebanon,South,40.8,1,1,10,22.92,0.02,-11477
Lebanon,Mount Lebanon,121.56,1,1,10,22.56,-0.15,78738
Lebanon,Nabatieh,55.99,1,1,1,13.3,0.02,103814
Lebanon,Nabatieh,165.81,2,2,3,-1.49,1.54,178692
Lebanon,Nabatieh,85.84,2,1,14,33.83,0.75,87198
Lebanon,Bekaa,151.45,3,2,11,0.99,3.81,216430
Lebanon,South,103.15,2,2,8,43.43,0.86,11384
Lebanon,Nabatieh,78.73,1,1,37,4.93,-0.15,37108
Lebanon,Mount Lebanon,207.37,3,2,29,5.58,1.75,243906
Lebanon,South,152.5,3,4,3,33.07,2.21,162627
Lebanon,Nabatieh,64.84,1,1,8,47.7,-0.18,80332
Lebanon,Bekaa,120.2,2,1,9,4.12,0.49,130867
Lebanon,Beirut,155.68,4,4,2,20.88,2.87,203738
Lebanon,Nabatieh,143.97,3,2,29,8.74,-0.32,146613
Lebanon,North,211.46,4,2,10,16.07,1.59,162492
Lebanon,Bekaa,188.62,4,2,36,24.92,2.51,219545
Lebanon,Bekaa,93.03,2,2,16,19.69,1.75,51178
Lebanon,Bekaa,115.54,2,2,11,10.09,1.78,112172
Lebanon,North,55.92,1,1,2,51.69,4.02,139779
Lebanon,North,132.47,2,2,10,17.95,2.31,90149
Lebanon,Beirut,127.55,3,2,15,17.6,1.54,145476
Lebanon,South,255.17,6,4,6,36.84,3.37,308330
Lebanon,North,124.88,3,1,7,20.49,1.44,144859
Lebanon,Nabatieh,125.62,2,3,8,4.89,3.81,241123
Lebanon,North,76.64,2,1,13,35.65,1.95,28304
Lebanon,South,137.09,2,2,7,17.64,-0.29,144159
Lebanon,Beirut,111.73,3,1,17,20.18,2.35,100116
Lebanon,South,93.02,3,2,6,24.6,5.06,247229
Lebanon,Beirut,95.03,3,3,24,33.2,3.06,125485
Lebanon,Mount Lebanon,80.7,2,1,2,14.51,0.36,95656
Lebanon,Nabatieh,39.12,1,1,32,19.61,1.02,78402
Lebanon,North,116.44,2,1,26,22.29,1.13,112913
Lebanon,North,155.89,3,1,37,38.28,-0.57,162565
Lebanon,Nabatieh,101.14,1,1,7,20.42,-0.84,75398
Lebanon,Beirut,131.99,2,2,9,12.85,0.32,208345
Lebanon,South,175.05,5,2,21,16.8,1.59,167784
Lebanon,Nabatieh,131.77,3,2,2,-12.5,2.66,175673
Lebanon,Beirut,168.84,1,1,22,27.2,-2.49,195272
Lebanon,Bekaa,205.66,3,2,10,19.12,1.52,207746
Lebanon,North,134.83,3,3,21,22.46,2.84,119543
Lebanon,South,141.15,1,2,33,9.68,-2.67,52700
Lebanon,Nabatieh,167.03,2,2,5,-0.9,0.6,178665
Lebanon,Bekaa,186.13,5,3,10,3.55,3.43,298086
Lebanon,Bekaa,52.23,2,2,5,26.28,1.1,-1873
Lebanon,Mount Lebanon,137.53,4,3,2,17.43,4.39,148154
Lebanon,North,160.43,2,2,17,19.01,-0.22,137499
Lebanon,Beirut,127.78,2,1,8,57.99,1.14,106514
Lebanon,Mount Lebanon,96.17,2,2,41,40.63,2.02,14859
Lebanon,North,225.67,4,3,1,22.08,3.37,268832
Lebanon,Bekaa,82.33,3,2,16,25.33,-0.22,50617
Lebanon,North,125.06,3,2,5,2.97,2.09,266668
Lebanon,South,81.91,1,1,3,25.69,2.06,61323
Lebanon,South,139.32,3,2,1,14.31,4.79,263289
Lebanon,South,97.45,2,2,19,15.36,-0.11,120595
Lebanon,North,203.45,4,3,8,11.79,1.7,290620
Lebanon,South,160.14,5,3,3,28.86,4.33,214334
Lebanon,North,144.21,2,1,22,8.88,2.34,175041
Lebanon,Mount Lebanon,192.83,4,2,35,22.87,3.07,157336
Lebanon,Nabatieh,212.78,3,2,4,32.85,2.61,232613
Lebanon,Mount Lebanon,107.25,1,1,12,27.07,0.64,91429
Lebanon,Nabatieh,102.81,2,1,12,50.3,1.38,33096
Lebanon,North,145.92,4,3,1,37.42,0.76,208804
Lebanon,North,192.56,4,3,21,32.54,3.19,179869
Lebanon,North,120.27,3,2,4,-1.81,1.16,165947
Lebanon,South,60.53,1,2,1,37.84,1.71,14387
Lebanon,Bekaa,33.4,2,2,26,15.46,0.07,-1023
Lebanon,Beirut,125.53,3,2,4,42.7,1.79,130201
Lebanon,Beirut,121.05,2,2,29,29.81,0.45,61255
Lebanon,Mount Lebanon,87.11,2,1,7,14.52,4.22,113191
Lebanon,North,213.57,4,2,10,26.92,-1.36,242341
Lebanon,South,197.89,4,4,9,27.77,1.6,178468
Lebanon,Beirut,150.01,2,1,20,16.13,3.33,240612
Lebanon,Mount Lebanon,101.8,3,4,0,7.84,1.57,197950
Lebanon,Mount Lebanon,206.48,4,3,4,28.05,4.13,256004
Lebanon,Nabatieh,172.58,4,2,2,13.58,1.11,213889
Lebanon,Mount Lebanon,136.79,3,2,27,10.25,-0.48,181912
Lebanon,South,220.0,2,2,24,26.1,2.69,127205
Lebanon,Nabatieh,91.49,1,1,8,38.45,1.41,94194
Lebanon,Nabatieh,147.11,3,2,6,-10.45,1.75,199244
Lebanon,Bekaa,57.45,1,1,10,21.95,1.29,20295
Lebanon,South,224.79,5,4,1,29.44,3.42,249917
Lebanon,North,9.6,1,1,28,7.16,3.43,-23092
Lebanon,Bekaa,113.71,1,1,24,29.69,0.98,53556
Lebanon,South,113.03,2,2,6,7.95,1.07,155330
Lebanon,North,215.78,4,2,2,10.74,0.06,171561
Lebanon,Mount Lebanon,103.06,3,3,8,45.57,1.16,77507
Lebanon,South,119.37,2,3,8,6.23,1.66,40836
Lebanon,North,149.67,3,2,79,7.4,1.49,107617
Lebanon,Bekaa,116.84,1,2,1,3.97,0.87,115383
Lebanon,Nabatieh,171.97,4,3,13,1.96,0.84,205956
Lebanon,Beirut,123.88,1,1,32,1.46,-0.58,58470
Lebanon,Mount Lebanon,121.43,2,2,8,49.22,0.29,118025
Lebanon,Nabatieh,74.2,3,3,4,31.55,3.28,111931
Lebanon,Bekaa,180.68,4,3,15,17.49,3.14,199942
Lebanon,Nabatieh,50.72,2,1,8,32.11,1.15,105787
Lebanon,Mount Lebanon,115.35,3,2,45,-5.86,2.88,152173
Lebanon,Beirut,81.73,2,2,0,6.7,3.13,120795
Lebanon,Mount Lebanon,108.68,2,1,3,20.06,-1.06,131119
Lebanon,Bekaa,143.64,2,1,27,14.87,0.43,142213
Lebanon,Bekaa,157.15,5,4,5,9.2,3.3,226037
Lebanon,Mount Lebanon,134.35,4,1,6,34.55,2.34,152565
Lebanon,North,169.61,3,1,33,4.39,1.46,186303
Lebanon,Bekaa,92.13,1,1,3,33.31,1.6,75862
Lebanon,North,131.73,4,3,10,13.0,0.39,143131
Lebanon,Mount Lebanon,158.18,4,1,6,3.56,0.22,85892
Lebanon,Bekaa,127.66,4,3,3,20.0,2.53,165245
Lebanon,Mount Lebanon,178.08,3,3,20,-5.69,3.71,271776
Lebanon,North,154.58,2,1,5,19.83,2.34,177867
Lebanon,Mount Lebanon,121.99,2,2,6,32.38,3.17,195709
Lebanon,South,47.25,3,2,39,24.32,1.53,47021
Lebanon,Bekaa,244.45,4,4,37,11.04,4.95,312038
Lebanon,Mount Lebanon,94.07,3,2,27,-16.62,0.67,107789
Lebanon,Mount Lebanon,123.73,2,2,9,3.55,-0.64,110322
Lebanon,Beirut,107.45,2,1,0,39.3,-0.38,136146
Lebanon,North,152.23,2,2,8,31.38,3.13,195414
Lebanon,North,184.36,3,1,8,24.58,0.95,127055
Lebanon,North,198.58,2,1,5,27.3,1.74,228893
Lebanon,Mount Lebanon,133.85,3,2,3,7.19,-0.93,149537
Lebanon,North,177.93,2,2,12,37.63,0.56,157505
Lebanon,Beirut,155.66,2,1,16,37.56,0.69,29032
Lebanon,Bekaa,73.07,1,1,2,23.65,1.12,126044
Lebanon,Nabatieh,117.44,2,2,16,12.05,1.78,191622
Lebanon,North,177.35,6,5,12,6.38,0.19,157631
Lebanon,Bekaa,55.41,2,2,8,-8.42,5.76,150985
Lebanon,Mount Lebanon,147.91,3,2,1,16.92,0.83,127773
Lebanon,Beirut,195.92,4,2,4,28.85,5.11,196445
Lebanon,North,144.39,2,2,15,9.69,3.97,184587
Lebanon,Nabatieh,162.85,3,1,11,28.68,1.58,183884
Lebanon,Nabatieh,148.18,3,4,55,-2.2,0.59,142153
Lebanon,Nabatieh,184.11,4,2,52,17.21,3.39,239931
Lebanon,Bekaa,71.53,1,1,21,13.2,1.06,16030
Lebanon,Bekaa,100.91,2,1,25,51.42,2.58,94060
Lebanon,Nabatieh,85.64,3,2,6,20.31,0.14,94117
Lebanon,Nabatieh,144.71,3,3,6,42.23,0.3,182395
Lebanon,Nabatieh,191.58,3,3,7,25.69,3.26,307223
Lebanon,Beirut,133.6,3,2,23,10.57,1.34,138938
Lebanon,Mount Lebanon,84.53,2,3,1,15.97,2.83,40928
Lebanon,Beirut,120.3,2,1,61,-10.05,0.73,110502
Lebanon,Beirut,49.28,2,4,39,6.45,2.18,44886
Lebanon,South,127.99,4,4,3,12.97,2.18,168944
Lebanon,Mount Lebanon,213.23,5,3,32,20.55,3.41,181959
Lebanon,Bekaa,151.25,4,3,4,8.27,3.01,260283
Lebanon,South,104.34,2,3,4,-7.61,0.48,109380
Lebanon,Beirut,35.66,1,1,0,-0.25,2.25,85834
Lebanon,North,156.3,4,2,5,29.24,2.53,102778
Lebanon,Mount Lebanon,88.9,2,2,32,24.64,2.43,33523
Lebanon,Mount Lebanon,85.75,3,2,10,4.84,1.93,243912
Lebanon,Beirut,79.68,1,1,15,40.43,1.14,75616
Lebanon,Mount Lebanon,163.73,5,4,4,9.93,3.38,268438
Lebanon,North,68.71,1,1,27,37.85,0.2,16368
Lebanon,South,49.58,2,2,39,4.96,2.05,55380
Lebanon,Beirut,70.23,2,1,14,31.64,1.95,35300
Lebanon,South,167.58,3,1,51,-10.51,3.03,262333
Lebanon,Mount Lebanon,132.56,1,1,29,21.72,2.49,114070
Lebanon,Mount Lebanon,64.9,3,2,20,28.46,2.32,90179
Lebanon,Beirut,106.17,2,1,6,19.47,2.03,98374
Lebanon,Mount Lebanon,108.35,2,1,3,-20.59,0.43,173541
Lebanon,Nabatieh,216.53,5,6,1,32.11,4.53,245217
Lebanon,Mount Lebanon,139.05,2,1,5,25.96,-0.06,101855
Lebanon,South,136.58,3,2,16,-5.19,2.06,126269
Lebanon,Bekaa,91.02,2,2,19,16.89,-0.54,61632
Lebanon,Mount Lebanon,127.48,3,2,6,33.5,1.85,157784
Lebanon,Nabatieh,127.64,4,4,22,28.45,3.05,197832
Lebanon,North,140.87,2,1,2,12.86,1.11,119090
Lebanon,South,154.65,2,1,8,21.39,0.26,125648
Lebanon,Mount Lebanon,233.92,3,2,23,62.81,-1.45,149734
Lebanon,Bekaa,169.04,4,3,8,22.28,1.9,155857
Lebanon,Bekaa,90.64,1,1,59,-1.82,2.67,142151
Lebanon,North,168.35,4,3,74,-2.91,4.97,204078
Lebanon,Beirut,79.8,2,2,4,24.3,0.67,95714
Lebanon,Bekaa,24.57,1,1,20,-19.37,2.36,45945
Lebanon,Bekaa,124.5,2,1,22,15.38,-0.35,34745
Lebanon,North,84.76,2,1,2,18.97,-0.28,92288
Lebanon,Mount Lebanon,59.51,2,2,20,28.87,1.11,74468
Lebanon,Mount Lebanon,136.61,3,2,1,28.36,3.94,189036
Lebanon,Beirut,84.13,3,1,4,33.33,2.88,102612
Lebanon,Mount Lebanon,98.61,2,1,17,9.69,1.86,180839
Lebanon,North,173.24,1,2,2,15.74,0.96,172167
Lebanon,North,74.45,3,2,1,2.56,2.68,183916
Lebanon,Beirut,192.65,4,2,38,11.7,1.26,237286
Lebanon,Nabatieh,190.83,4,2,44,14.05,5.77,227212
Lebanon,Nabatieh,123.51,2,2,33,13.02,-0.29,177916
Lebanon,Bekaa,152.31,5,2,1,30.7,-0.01,218442
Lebanon,North,179.06,3,2,55,36.09,1.69,137906
Lebanon,Bekaa,101.24,1,2,12,21.71,-0.5,58772
Lebanon,Bekaa,125.13,3,1,21,27.54,0.01,94734
Lebanon,Nabatieh,109.28,1,1,1,31.03,-0.77,92949
Lebanon,Bekaa,70.63,3,3,12,19.0,-0.05,75875
Lebanon,South,72.9,1,1,8,-1.67,3.35,84393
Lebanon,Mount Lebanon,192.62,4,3,29,49.36,2.39,142900
Lebanon,Bekaa,179.3,4,3,2,17.5,1.56,245387
Lebanon,North,116.14,4,2,32,63.08,2.92,22749
Lebanon,North,134.14,2,1,12,3.2,-0.7,121543
Lebanon,Beirut,124.86,1,1,7,3.04,-0.89,117514
Lebanon,Nabatieh,66.82,1,1,16,9.45,3.12,115831
Lebanon,Mount Lebanon,139.33,2,1,5,14.84,-0.46,184900
Lebanon,Bekaa,106.84,3,1,8,12.72,0.49,116833
Lebanon,Bekaa,171.07,1,1,5,32.2,1.01,182748
Lebanon,North,119.74,1,2,10,2.32,0.52,70098
Lebanon,Nabatieh,86.6,1,1,6,2.91,1.15,68576
Lebanon,Beirut,99.9,1,1,25,-24.3,0.08,120173
Lebanon,North,157.47,4,2,20,32.68,1.84,121392
Lebanon,South,152.33,2,1,8,27.45,-0.91,129260
Lebanon,Beirut,184.31,4,4,3,11.22,4.11,245688
Lebanon,Beirut,100.35,3,2,8,13.93,3.61,112752
Lebanon,South,99.27,2,1,22,21.62,-0.61,27239
Lebanon,Mount Lebanon,128.59,3,2,10,4.43,1.07,138335
Lebanon,North,94.34,1,2,1,13.55,1.13,86587
Lebanon,South,128.9,3,2,15,36.2,1.57,175192
Lebanon,Beirut,169.84,3,2,46,30.37,-2.05,147298
Lebanon,Mount Lebanon,91.3,1,1,20,32.55,0.92,78127
Lebanon,North,161.56,4,2,16,7.52,4.13,233723
Lebanon,Nabatieh,176.28,3,3,6,20.81,3.3,278623
Lebanon,Bekaa,109.11,4,3,8,16.26,1.86,146145
Lebanon,Nabatieh,101.34,2,1,5,29.75,0.49,112741
Lebanon,Mount Lebanon,81.71,3,2,9,12.62,1.64,177903
Lebanon,North,129.61,2,2,26,51.21,1.23,142258
Lebanon,Beirut,121.79,4,2,21,11.92,3.5,204729
Lebanon,Beirut,92.17,2,1,10,49.53,1.73,89290
Lebanon,Beirut,132.21,1,1,35,3.91,1.37,121153
Lebanon,Beirut,176.54,3,1,39,37.14,-1.75,188905
Lebanon,Beirut,133.69,2,1,29,22.6,-1.48,76018
Lebanon,Nabatieh,100.53,1,1,6,7.31,0.75,153444
Lebanon,Bekaa,113.35,1,1,0,40.56,0.65,162468
Lebanon,Mount Lebanon,73.81,2,2,3,37.39,-1.37,-21846
Lebanon,Mount Lebanon,179.41,3,2,9,26.61,-0.2,162537
Lebanon,Nabatieh,119.22,1,1,7,19.51,-0.74,185114
Lebanon,Mount Lebanon,123.61,4,2,14,32.88,2.13,177277
Lebanon,Bekaa,143.14,2,1,10,23.34,1.6,64695
Lebanon,North,161.33,4,3,29,31.5,4.37,186287
Lebanon,Beirut,131.99,1,2,8,38.23,2.55,121726
Lebanon,North,86.31,3,1,0,17.52,4.37,80119
Lebanon,Nabatieh,81.0,1,1,24,0.56,2.31,129111
Lebanon,South,202.96,4,3,18,45.89,2.43,145423
Lebanon,Beirut,106.0,3,2,11,28.75,4.35,185392
Lebanon,South,193.25,4,2,43,23.51,4.88,192126
Lebanon,North,174.39,2,1,7,16.29,0.8,101234
Lebanon,Beirut,146.69,3,3,62,-5.58,-0.96,116924
Lebanon,Bekaa,100.03,3,3,22,17.25,0.39,100318
Lebanon,South,237.66,8,5,2,-1.36,4.94,362347
Lebanon,Mount Lebanon,139.65,3,1,27,23.04,2.27,121860
Lebanon,Nabatieh,147.35,3,4,27,18.36,2.08,146757
Lebanon,South,111.44,1,2,4,37.0,2.43,128241
Lebanon,Beirut,49.28,2,2,12,18.2,-0.28,8340
Lebanon,Mount Lebanon,140.35,2,1,7,15.52,2.51,171293
Lebanon,Nabatieh,139.59,3,2,16,14.3,1.86,156834
Lebanon,Nabatieh,61.42,3,3,21,34.86,4.12,150120
Lebanon,Bekaa,47.92,2,1,3,22.56,2.67,57037
Lebanon,Bekaa,164.95,2,1,1,13.78,-1.37,130658
Lebanon,Bekaa,177.63,2,1,12,9.14,1.07,202218
Lebanon,North,261.45,5,4,23,23.74,3.75,249466
Lebanon,Bekaa,90.36,2,1,18,15.96,3.35,35427
Lebanon,North,90.26,2,3,20,46.96,3.03,35186
Lebanon,Nabatieh,168.39,3,1,43,37.82,1.24,126079
Lebanon,Bekaa,149.42,4,4,33,31.1,3.35,111489
Lebanon,Mount Lebanon,130.68,2,1,9,18.41,-1.11,87255
Lebanon,Nabatieh,153.05,2,1,8,-3.66,-0.21,196084
Lebanon,Mount Lebanon,192.38,5,3,1,13.82,2.08,259617
Lebanon,North,66.76,3,2,5,51.68,3.34,132107
Lebanon,Mount Lebanon,200.93,4,3,16,14.96,1.82,210180
Lebanon,Bekaa,184.84,5,4,1,18.02,1.35,232373
Lebanon,Mount Lebanon,157.61,2,2,33,24.84,4.38,178224
Lebanon,Beirut,128.65,2,2,1,53.3,1.95,132077
Lebanon,Beirut,108.27,4,3,10,19.77,2.22,153730
Lebanon,North,124.04,3,2,3,17.31,3.52,218281
Lebanon,Bekaa,100.26,3,2,31,-4.13,-0.27,141017
Lebanon,Mount Lebanon,162.73,4,1,7,29.96,2.6,194833
Lebanon,South,97.97,1,1,17,15.6,-1.49,54907
Lebanon,Mount Lebanon,160.69,2,1,8,2.72,-0.09,174000
Lebanon,South,134.74,2,1,6,20.36,0.59,165933
Lebanon,North,165.31,4,2,4,14.37,2.09,105769
Lebanon,North,141.01,3,2,8,10.68,2.92,174393
Lebanon,South,94.29,2,1,5,9.91,2.11,53455
Lebanon,Beirut,78.96,2,1,5,16.68,1.11,152315
Lebanon,Nabatieh,60.9,2,3,6,35.03,1.81,37993
Lebanon,Mount Lebanon,157.0,3,2,28,54.68,1.48,114336
Lebanon,Bekaa,108.02,1,1,20,45.76,1.7,58065
Lebanon,Mount Lebanon,139.28,2,1,20,25.98,1.19,150982
Lebanon,Mount Lebanon,98.47,2,3,14,48.22,0.48,92917
Lebanon,Mount Lebanon,135.27,2,3,1,18.31,1.92,138725
Lebanon,Bekaa,82.44,1,1,5,12.15,2.08,133801
Lebanon,Beirut,118.67,1,1,73,54.75,1.24,-7535
Lebanon,South,122.25,3,2,11,13.84,2.1,122838
Lebanon,South,97.14,2,2,5,16.11,0.69,128006
Lebanon,Nabatieh,137.25,2,1,11,31.77,0.84,175429
Lebanon,Mount Lebanon,244.09,2,1,10,22.58,2.4,220312
Lebanon,Bekaa,136.84,3,2,25,7.08,2.01,151642
Lebanon,South,138.87,3,2,14,8.17,2.48,253927
Lebanon,South,126.19,1,1,4,26.99,0.64,87894
Lebanon,Beirut,84.67,2,1,16,23.64,-0.09,74756
Lebanon,North,189.23,3,1,2,27.42,4.01,176158
Lebanon,Nabatieh,81.12,2,3,12,27.23,0.59,89618
Lebanon,Nabatieh,128.33,3,1,7,0.1,3.22,223833
Lebanon,South,92.0,2,2,28,9.54,-0.63,30615
Lebanon,Nabatieh,117.37,2,2,12,23.24,3.29,123516
Lebanon,Nabatieh,52.29,1,2,12,21.43,0.81,52071
Lebanon,Nabatieh,218.46,3,2,1,16.79,1.65,239472
Lebanon,Bekaa,155.33,4,3,12,26.01,4.31,298956
Lebanon,South,133.6,1,1,5,5.66,2.53,119172
Lebanon,Beirut,174.13,4,3,10,36.91,3.82,215375
Lebanon,Beirut,114.11,3,3,9,-0.73,0.09,102398
Lebanon,South,132.92,4,3,24,35.1,2.25,147154
Lebanon,South,128.96,2,1,8,13.89,-1.95,43342
Lebanon,Mount Lebanon,135.11,2,1,13,6.0,1.95,178137
Lebanon,North,130.02,2,2,9,6.84,-1.79,15782
Lebanon,South,80.88,3,3,7,9.04,0.59,99347
Lebanon,Nabatieh,14.82,1,3,3,7.4,1.68,85278
Lebanon,Nabatieh,86.42,1,1,12,24.14,0.2,79919
Lebanon,Mount Lebanon,120.23,2,1,2,32.63,0.44,85493
Lebanon,Nabatieh,154.41,5,3,0,5.38,3.37,229144
Lebanon,South,124.79,3,2,2,10.76,2.9,135824
Lebanon,South,213.58,3,2,20,24.66,3.56,246601
Lebanon,Nabatieh,59.7,1,1,13,12.35,1.37,33742
Lebanon,North,140.92,4,4,12,-3.1,2.85,187322
Lebanon,North,166.72,1,1,14,47.21,-0.38,104397
Lebanon,Beirut,84.04,3,2,7,3.3,-1.96,71643
Lebanon,Nabatieh,90.38,1,1,5,24.08,1.63,71613
Lebanon,North,78.67,3,2,17,36.31,1.64,50397
Lebanon,Beirut,82.25,2,2,4,8.41,4.25,176846
Lebanon,Mount Lebanon,115.07,3,1,29,20.19,-1.33,96643
Lebanon,Mount Lebanon,47.41,1,2,10,44.63,2.21,12301
Lebanon,Beirut,67.71,2,3,43,15.93,0.35,60446
Lebanon,Beirut,148.88,3,3,6,35.83,2.1,148986
Lebanon,Bekaa,80.81,4,3,35,16.7,3.76,145143
Lebanon,Bekaa,90.69,3,2,1,24.09,3.63,70474
Lebanon,Nabatieh,166.66,2,3,15,27.64,2.45,128965
Lebanon,North,117.09,2,1,9,2.25,0.92,183911
Lebanon,Bekaa,120.85,4,4,28,20.44,4.58,126481
Lebanon,South,120.68,4,3,45,38.37,2.35,86293
Lebanon,Nabatieh,96.42,3,2,20,25.36,1.35,91676
Lebanon,Nabatieh,176.12,4,2,5,12.45,1.26,197750
Lebanon,Bekaa,143.0,3,1,4,11.02,-2.78,143479
Lebanon,Beirut,127.7,3,1,1,26.78,2.5,152436
Lebanon,South,170.77,3,2,1,39.77,4.39,160897
Lebanon,South,167.28,4,3,30,15.73,0.63,172571
Lebanon,Mount Lebanon,138.79,3,1,34,38.23,2.76,155411
Lebanon,South,163.84,5,3,10,5.24,2.77,185628
Lebanon,Bekaa,125.92,2,1,12,23.03,1.76,114040
Lebanon,Mount Lebanon,16.24,1,1,13,28.82,0.93,25321
Lebanon,Mount Lebanon,186.89,4,3,21,6.0,4.55,278688
Lebanon,South,125.39,2,1,11,9.07,4.17,199758
Lebanon,Nabatieh,75.81,1,2,1,6.35,4.18,78835
Lebanon,Bekaa,225.01,5,3,11,7.27,2.76,314523
Lebanon,Beirut,144.88,2,2,45,31.95,1.33,69536
Lebanon,South,147.31,4,3,6,13.57,3.18,208003
Lebanon,North,123.29,3,1,7,32.78,3.8,84167
Lebanon,Nabatieh,99.17,1,1,1,18.96,1.11,70867
Lebanon,North,12.94,2,2,1,11.65,1.09,12353
Lebanon,Bekaa,141.34,2,2,17,42.27,2.88,178667
Lebanon,South,203.67,4,3,8,11.03,1.78,319882
Lebanon,Bekaa,178.56,2,1,22,4.76,0.47,210141
Lebanon,Mount Lebanon,91.56,2,1,42,11.32,0.23,62823
Lebanon,South,237.45,5,4,7,21.64,3.28,335576
Lebanon,Beirut,110.61,1,1,22,28.22,-0.1,49266
Lebanon,Nabatieh,175.27,4,3,14,21.25,2.43,249658
Lebanon,Nabatieh,146.3,1,1,2,-0.49,0.82,115398
Lebanon,Bekaa,90.38,1,2,7,-14.35,0.35,152564
Lebanon,North,221.58,3,1,13,20.43,3.1,216014
Lebanon,Nabatieh,89.55,3,3,43,28.58,1.74,75402
Lebanon,Mount Lebanon,136.94,3,1,10,16.16,1.48,198660
Lebanon,Bekaa,42.02,2,1,24,20.4,3.85,65351
Lebanon,Mount Lebanon,95.02,3,3,13,29.78,0.77,228158
Lebanon,Bekaa,123.59,3,2,24,12.34,1.07,123845
Lebanon,Beirut,176.13,6,5,17,46.93,3.4,235013
Lebanon,South,96.3,2,2,11,11.69,-0.98,42869
Lebanon,North,144.64,3,2,6,23.94,1.86,156392
Lebanon,Bekaa,150.08,3,3,2,-4.3,0.19,160644
Lebanon,South,131.42,1,1,5,51.69,2.89,116031
Lebanon,South,173.19,4,4,13,37.4,1.59,146100
Lebanon,Beirut,53.02,2,2,3,26.49,-1.26,59277
Lebanon,Mount Lebanon,81.65,3,3,1,24.66,1.74,144702
Lebanon,Mount Lebanon,155.3,5,4,12,6.44,1.73,227386
Lebanon,South,114.03,3,1,3,17.8,2.6,136150
Lebanon,South,166.28,4,3,32,14.96,1.77,188637
Lebanon,Bekaa,156.08,3,2,27,25.76,4.32,192235
Lebanon,South,178.1,3,3,10,16.04,2.23,154787
Lebanon,Bekaa,104.54,3,2,3,20.41,3.7,102453
Lebanon,Beirut,126.19,3,2,19,33.97,0.82,131641
Lebanon,North,97.92,2,2,9,26.1,0.8,21233
Lebanon,Nabatieh,194.98,4,2,15,32.43,4.37,244895
Lebanon,Nabatieh,107.06,2,1,8,7.27,-0.69,45597
Lebanon,Nabatieh,200.52,7,6,0,13.68,5.33,304069
Lebanon,Beirut,117.84,2,1,22,5.65,-1.22,111346
Lebanon,South,139.03,2,3,3,40.15,3.26,105127
Lebanon,Nabatieh,164.18,4,4,39,13.39,2.75,252903
Lebanon,Mount Lebanon,134.6,3,3,4,9.24,1.71,81590
Lebanon,North,240.76,4,4,8,29.41,4.63,299481
Lebanon,Nabatieh,60.12,2,1,4,27.56,0.76,-5453
Lebanon,Mount Lebanon,185.27,4,3,14,34.86,3.83,156774
Lebanon,Beirut,99.4,3,3,14,23.31,1.69,135052
Lebanon,South,104.79,2,2,0,18.22,2.68,95397
Lebanon,South,170.05,4,2,72,12.53,3.41,142381
Lebanon,Bekaa,204.55,3,2,5,21.44,4.53,221020
Lebanon,Bekaa,117.7,2,2,1,29.2,1.2,94574
Lebanon,Mount Lebanon,166.88,3,2,19,19.32,4.36,97664
Lebanon,South,102.31,2,2,26,8.27,1.04,149268
Lebanon,Mount Lebanon,172.84,3,1,7,3.36,1.15,173769
Lebanon,South,139.56,3,2,14,-8.44,3.49,189935
Lebanon,Beirut,53.33,3,2,30,21.68,1.22,30286
Lebanon,Mount Lebanon,138.07,2,2,2,2.16,2.03,132206
Lebanon,Mount Lebanon,110.85,2,2,13,0.9,-0.82,102838
Lebanon,Beirut,141.71,3,2,18,33.19,2.15,131401
Lebanon,Mount Lebanon,41.48,1,2,12,35.08,-1.67,3256
Lebanon,Beirut,208.46,4,2,0,13.57,0.84,254107
Lebanon,Bekaa,44.25,2,1,5,28.57,3.92,109043
Lebanon,Mount Lebanon,150.5,2,2,2,21.82,4.68,200548
Lebanon,North,151.96,4,2,5,4.56,3.19,190606
Lebanon,North,58.73,2,2,9,13.24,2.09,123035
Lebanon,Bekaa,103.92,2,2,7,2.38,0.74,93616
Lebanon,Nabatieh,127.04,3,2,3,16.22,1.66,134799
Lebanon,Beirut,61.83,1,1,3,41.25,2.16,-37322
Lebanon,Mount Lebanon,170.13,3,1,1,30.22,-0.16,184360
Lebanon,North,175.26,2,1,37,34.37,0.76,128969
Lebanon,Nabatieh,138.5,1,1,8,23.52,-3.22,51859
Lebanon,Nabatieh,89.56,3,3,10,61.6,2.79,65270
Lebanon,Nabatieh,140.34,2,2,3,42.96,2.51,160691
Lebanon,Mount Lebanon,125.47,2,2,64,59.72,1.84,84008
Lebanon,Mount Lebanon,161.88,3,2,15,25.78,2.29,232301
Lebanon,North,57.54,1,1,3,26.25,0.19,8203
Lebanon,North,125.81,2,1,2,35.83,1.35,32045
Lebanon,Nabatieh,112.05,2,2,19,22.88,3.18,93563
Lebanon,North,130.78,3,3,27,5.25,2.85,138545
Lebanon,South,139.8,1,1,37,32.17,1.07,100051
Lebanon,North,117.32,3,2,0,-6.59,1.11,198751
Lebanon,North,141.57,2,2,12,27.55,4.95,130190
Lebanon,Beirut,134.2,2,3,13,37.5,1.1,106491
Lebanon,Nabatieh,173.82,4,2,7,0.84,4.71,274393
Lebanon,Mount Lebanon,44.61,1,1,17,15.51,-2.22,450
Lebanon,Nabatieh,77.72,3,1,5,25.45,0.02,55383
Lebanon,Bekaa,250.46,2,2,1,32.43,1.7,229596
Lebanon,North,155.75,4,2,19,5.89,2.75,138358
Lebanon,Bekaa,148.18,3,1,6,23.49,3.06,158369
Lebanon,Nabatieh,210.6,3,2,4,-2.49,0.08,246333
Lebanon,Nabatieh,180.88,2,2,2,28.54,0.72,140430
Lebanon,Beirut,68.64,3,2,72,-11.57,4.37,117406
Lebanon,Mount Lebanon,193.74,3,2,3,22.06,1.72,260303
Lebanon,Mount Lebanon,85.59,1,1,22,25.48,-1.25,35374
Lebanon,Beirut,145.3,4,2,0,0.32,2.62,240973
Lebanon,Bekaa,138.81,3,1,46,7.92,1.45,99887
Lebanon,Beirut,172.4,2,2,2,24.86,1.08,168764
Lebanon,Nabatieh,145.25,3,2,16,17.42,2.02,183139
Lebanon,Beirut,61.55,2,1,10,19.55,-0.16,76812
Lebanon,North,167.87,4,2,7,31.13,3.05,188409
Lebanon,Bekaa,151.22,3,2,23,17.86,2.6,127670
Lebanon,Beirut,145.09,2,1,43,11.41,0.75,113863
Lebanon,South,78.76,2,1,15,-6.72,-0.23,28598
Lebanon,Nabatieh,160.48,2,1,1,21.34,0.52,105369
Lebanon,South,277.41,6,5,37,12.74,3.07,308912
Lebanon,South,158.86,2,2,2,12.53,1.32,181540
Lebanon,Nabatieh,156.14,3,2,24,25.88,1.49,191125
Lebanon,Nabatieh,75.21,3,1,2,12.18,-0.75,143122
Lebanon,Bekaa,87.85,2,2,1,13.41,0.55,122616
Lebanon,Bekaa,65.41,2,1,15,2.29,0.94,57363
Lebanon,Nabatieh,69.97,2,2,0,3.71,1.16,145488
Lebanon,Bekaa,142.7,2,1,6,-5.6,2.13,113619
Lebanon,Nabatieh,122.99,2,1,5,-3.43,3.39,172814
Lebanon,Bekaa,171.3,3,1,1,21.66,0.81,150137
Lebanon,Beirut,102.97,2,1,6,-1.45,0.63,88500
Lebanon,Mount Lebanon,234.15,5,3,8,30.97,3.3,322653
Lebanon,Mount Lebanon,179.77,2,1,1,19.11,-0.32,105617
Lebanon,South,109.25,1,2,29,30.93,0.55,52707
Lebanon,Bekaa,157.44,2,2,2,23.27,1.11,111748
Lebanon,North,123.77,3,2,12,6.06,1.29,159056
Lebanon,North,95.45,2,1,3,10.73,1.15,85566
Lebanon,North,134.24,1,1,10,8.5,0.9,153939
Lebanon,Nabatieh,95.11,3,1,0,29.58,1.68,98610
Lebanon,North,77.63,1,1,50,27.91,0.75,-12929
Lebanon,Mount Lebanon,143.17,2,2,12,19.6,-0.76,180777
Lebanon,Nabatieh,70.36,1,1,6,8.32,0.51,52279
Lebanon,Beirut,215.1,4,2,5,33.15,0.34,181005
Lebanon,South,90.76,2,1,3,57.15,1.62,25082
Lebanon,North,219.49,6,4,3,7.37,5.53,355946
Lebanon,Mount Lebanon,150.3,4,2,6,7.99,1.72,175402
Lebanon,North,60.02,2,1,19,5.69,0.32,9814
Lebanon,South,127.99,4,1,4,1.94,2.42,195938
Lebanon,Nabatieh,153.88,4,3,13,32.39,1.54,159569
Lebanon,Beirut,56.29,2,2,1,32.56,0.63,-33988
Lebanon,Mount Lebanon,179.21,2,1,42,41.87,-2.55,53098
Lebanon,Beirut,80.12,2,1,12,30.86,-0.13,63983
Lebanon,Nabatieh,126.56,3,3,2,12.5,0.97,250666
Lebanon,Beirut,149.73,5,4,10,10.48,4.98,137390
Lebanon,South,30.11,1,2,14,14.44,-0.97,35553
Lebanon,Bekaa,148.09,3,2,23,38.04,2.69,86073
Lebanon,North,98.72,3,2,10,34.79,0.38,109910
Lebanon,Nabatieh,68.79,2,2,12,12.68,1.17,66070
Lebanon,Mount Lebanon,51.93,2,1,2,20.16,1.13,6550
Lebanon,South,147.25,4,2,16,22.64,1.08,153910
Lebanon,Mount Lebanon,102.95,1,1,7,32.29,2.05,83845
Lebanon,South,63.42,1,1,28,20.61,2.9,-17567
Lebanon,South,198.21,4,2,22,-2.89,1.81,179924
Lebanon,North,103.47,3,2,15,15.08,3.18,189294
Lebanon,South,90.78,2,1,55,-7.29,0.81,98064
Lebanon,Nabatieh,187.53,2,1,3,46.33,-0.35,126321
Lebanon,Bekaa,143.09,2,1,10,40.52,0.48,118946
Lebanon,North,122.21,3,2,11,30.32,3.02,111335
Lebanon,North,61.47,1,1,29,33.67,1.27,514
Lebanon,Nabatieh,109.02,3,1,14,16.47,2.33,94142
Lebanon,Mount Lebanon,137.81,3,2,11,-15.74,2.78,191617
Lebanon,Mount Lebanon,147.59,3,2,5,7.35,3.26,224189
Lebanon,Beirut,131.15,1,1,0,0.9,2.07,91821
Lebanon,Bekaa,69.62,1,2,31,25.39,2.31,-38937
Lebanon,Nabatieh,93.96,2,2,2,15.29,2.83,98271
Lebanon,North,72.29,1,1,4,23.72,-0.53,76699
Lebanon,North,87.37,3,2,46,17.17,3.13,127188
Lebanon,South,106.27,3,3,34,16.84,2.65,81316
Lebanon,Bekaa,64.47,1,1,11,12.89,2.56,76963
Lebanon,Beirut,114.98,4,2,15,31.39,1.07,60214
Lebanon,Nabatieh,125.79,2,2,3,23.37,-0.07,124206
Lebanon,North,87.2,3,1,6,-2.74,2.09,186845
Lebanon,Mount Lebanon,122.04,2,2,13,29.59,1.82,71344
Lebanon,Bekaa,214.12,3,2,27,7.46,3.0,206597
Lebanon,North,86.25,1,1,8,14.51,0.66,61026
Lebanon,Bekaa,188.89,4,4,2,52.86,4.05,202325
Lebanon,Nabatieh,194.91,3,2,26,14.65,0.59,144779
Lebanon,Bekaa,78.87,1,1,6,10.9,1.96,114010
Lebanon,Nabatieh,220.77,4,3,3,30.2,3.41,277411
Lebanon,Mount Lebanon,125.82,1,1,3,12.39,0.91,87502
Lebanon,Mount Lebanon,107.31,3,3,3,22.35,3.74,131922
Lebanon,Beirut,122.56,3,2,27,19.16,-0.32,112047
Lebanon,South,111.16,1,2,13,0.1,1.66,139149
Lebanon,North,83.86,3,2,0,15.87,1.42,116707
Lebanon,Nabatieh,159.66,3,2,36,-0.26,1.34,161633
Lebanon,Mount Lebanon,155.18,2,2,39,-4.93,3.79,197774
Lebanon,North,57.59,2,3,9,-4.7,2.64,152941
Lebanon,South,130.91,3,2,7,13.52,1.77,142201
Lebanon,Bekaa,106.12,1,1,5,3.52,0.92,137893
Lebanon,South,176.35,2,1,4,13.03,2.63,181099
Lebanon,Beirut,163.41,3,3,6,44.97,4.74,163455
Lebanon,South,169.34,3,3,6,30.24,2.57,146279
Lebanon,Bekaa,117.1,2,1,16,3.54,-0.02,142601
Lebanon,Mount Lebanon,171.53,3,3,2,38.63,2.7,133095
Lebanon,North,82.53,3,1,7,21.5,1.17,101343
Lebanon,North,161.41,2,2,30,24.71,1.02,126239
Lebanon,Beirut,47.48,1,1,43,32.88,1.46,37588
Lebanon,Beirut,113.12,2,1,24,33.86,1.89,51348
Lebanon,Nabatieh,150.79,2,2,16,38.67,1.88,221737
Lebanon,South,112.67,4,3,3,16.39,1.39,169484
Lebanon,Mount Lebanon,84.98,2,2,20,28.19,1.63,22697
Lebanon,Beirut,127.67,4,2,27,14.52,1.16,137610
Lebanon,Mount Lebanon,117.65,3,2,7,15.57,3.52,162545
Lebanon,North,254.02,5,3,57,14.02,3.74,367323
Lebanon,South,160.84,4,3,7,27.11,3.55,231256
Lebanon,South,164.2,2,1,5,8.12,0.05,181630
Lebanon,Mount Lebanon,80.47,2,1,43,28.75,2.22,32829
Lebanon,Bekaa,61.17,1,1,18,-0.89,-2.17,50551
Lebanon,Beirut,109.24,2,1,6,7.84,0.05,112354
Lebanon,Bekaa,176.71,3,1,11,20.67,-0.98,232649
Lebanon,Mount Lebanon,88.54,2,2,20,38.48,0.87,94689
Lebanon,North,172.96,4,3,45,23.23,-0.94,120313
Lebanon,Mount Lebanon,55.5,3,2,38,47.1,2.49,39216
Lebanon,Bekaa,157.07,2,2,12,-8.53,0.08,194736
Lebanon,Beirut,130.32,4,2,22,13.13,0.9,189807
Lebanon,North,99.61,2,1,7,21.11,1.11,63154
Lebanon,North,101.43,2,2,24,1.94,0.29,44361
Lebanon,Nabatieh,168.73,3,2,0,5.84,1.2,173750
Lebanon,Beirut,147.83,5,3,34,1.85,3.42,289391
Lebanon,Beirut,136.16,4,3,38,-10.28,-0.39,114712
Lebanon,Bekaa,78.4,3,2,3,14.11,3.43,114431
Lebanon,Bekaa,205.8,4,3,5,15.78,2.47,217321
Lebanon,Mount Lebanon,132.85,3,2,6,21.6,5.08,140877
Lebanon,Mount Lebanon,171.2,4,4,1,-14.63,2.6,291946
Lebanon,Nabatieh,115.6,1,1,36,21.9,-0.74,16641
Lebanon,North,66.5,1,1,26,-21.82,1.89,184064
Lebanon,Mount Lebanon,25.08,2,2,21,24.64,2.42,57145
Lebanon,Beirut,154.06,1,1,31,3.85,2.1,89417
Lebanon,Bekaa,78.47,3,2,2,35.49,1.83,109360
Lebanon,Nabatieh,71.05,3,2,4,3.66,1.54,141319
Lebanon,South,110.25,2,1,34,48.06,1.28,41516
Lebanon,Bekaa,133.32,2,2,12,22.77,4.46,61570
Lebanon,Beirut,150.61,3,2,10,-8.28,-1.21,135982
Lebanon,South,208.58,5,4,27,32.42,1.53,200621
Lebanon,Bekaa,137.93,2,1,7,48.98,1.82,140065
Lebanon,Bekaa,164.06,2,1,12,15.57,1.34,132760
Lebanon,Beirut,90.08,2,2,11,35.39,3.23,46387
Lebanon,Mount Lebanon,96.84,3,2,3,-19.33,0.66,179153
Lebanon,Bekaa,116.9,3,3,13,12.72,1.78,180988
Lebanon,Nabatieh,129.56,3,3,3,25.1,3.55,180002
Lebanon,Nabatieh,94.56,2,1,10,5.77,2.43,127542
Lebanon,Bekaa,35.17,1,1,4,13.39,-0.02,86553
Lebanon,Bekaa,89.09,3,1,12,0.5,1.15,104312
Lebanon,South,197.63,5,4,4,22.56,2.57,268055
Lebanon,Beirut,85.35,1,1,10,12.51,2.37,89543
Lebanon,Beirut,154.39,2,1,3,16.61,1.57,134303
Lebanon,North,249.91,6,4,11,40.48,2.17,221680
Lebanon,Beirut,191.83,3,2,3,17.1,0.89,213623
Lebanon,Beirut,197.87,3,3,41,44.72,1.91,134697
Lebanon,North,165.82,4,4,6,16.03,4.0,167015
Lebanon,Bekaa,108.92,2,2,8,-3.87,2.99,112932
Lebanon,Nabatieh,137.86,2,2,11,5.53,3.23,193723
Lebanon,Nabatieh,75.14,1,2,29,14.06,3.3,28333
Lebanon,Nabatieh,64.01,1,1,12,22.82,0.9,-20108
Lebanon,Mount Lebanon,106.31,4,3,25,16.08,1.41,142542
Lebanon,South,169.81,4,3,6,31.94,3.55,226822
Lebanon,Mount Lebanon,101.79,3,1,3,8.07,0.35,106728
Lebanon,Bekaa,128.21,2,1,9,41.07,2.0,79502
Lebanon,Mount Lebanon,178.22,3,3,35,26.26,3.4,215490
Lebanon,Nabatieh,137.04,2,1,3,-16.11,0.08,155580
Lebanon,North,44.22,1,2,29,22.47,2.76,18410
Lebanon,Mount Lebanon,87.12,2,2,21,54.34,0.32,40674
Lebanon,North,84.77,2,1,6,23.99,-0.95,44161
Lebanon,North,117.81,2,1,1,16.21,0.77,107256
Lebanon,North,162.79,4,3,18,39.23,1.69,159736
Lebanon,North,94.74,2,1,30,21.57,1.0,88121
Lebanon,Beirut,62.38,1,1,51,0.76,2.07,-2576
Lebanon,South,166.89,4,3,48,22.66,2.54,168690
Lebanon,Nabatieh,225.96,4,2,16,9.68,0.22,249185
Lebanon,Mount Lebanon,184.53,3,3,10,12.81,-0.48,179679
Lebanon,Mount Lebanon,132.49,2,2,8,16.48,4.19,155456
Lebanon,Bekaa,109.45,5,4,3,23.44,1.75,199313
Lebanon,Bekaa,139.44,2,1,6,31.2,-1.17,59504
Lebanon,Bekaa,193.17,3,2,12,35.1,-0.37,140733
Lebanon,North,135.4,3,3,0,7.59,0.09,211121
Lebanon,Mount Lebanon,179.32,2,2,26,44.6,1.15,135199
Lebanon,South,96.94,3,2,9,28.07,2.52,94979
Lebanon,Mount Lebanon,91.57,2,1,26,8.04,0.8,82127
Lebanon,Beirut,82.81,4,3,7,46.36,3.73,93442
Lebanon,Bekaa,120.77,3,2,14,4.41,2.69,138467
Lebanon,Nabatieh,115.63,2,2,5,20.36,2.77,89870
Lebanon,Beirut,46.18,1,1,10,24.79,1.23,-41393
Lebanon,Bekaa,135.36,2,1,13,-3.43,1.5,180294
Lebanon,South,138.34,3,2,48,24.98,3.18,206077
Lebanon,Beirut,119.13,3,3,6,53.58,0.47,8040
Lebanon,South,222.16,5,4,37,8.81,4.06,263897
Lebanon,Bekaa,146.39,2,1,25,17.66,1.81,172580
Lebanon,South,149.79,3,1,12,30.23,3.87,123066
Lebanon,Mount Lebanon,54.94,1,1,11,36.34,0.09,85224
Lebanon,Beirut,172.72,4,4,8,33.35,5.46,278018
Lebanon,Bekaa,145.69,3,2,3,-13.26,5.52,256561
Lebanon,Mount Lebanon,168.04,4,2,36,-12.88,2.4,213141
Lebanon,North,143.31,4,2,19,0.84,1.18,167414
Lebanon,North,57.79,1,2,3,-3.16,0.16,102354
Lebanon,Nabatieh,211.23,4,3,0,23.01,1.29,287884
Lebanon,Bekaa,49.14,1,1,46,31.75,0.99,-17575
Lebanon,Nabatieh,101.89,3,3,7,37.63,2.83,178692
Lebanon,Bekaa,5.49,2,1,4,-1.61,-0.65,-8738
Lebanon,Beirut,39.87,2,2,7,20.17,2.52,52078
Lebanon,North,117.6,4,3,1,-4.98,1.67,185365
Lebanon,Nabatieh,107.54,1,1,2,33.29,0.33,76962
Lebanon,North,134.23,2,1,9,32.75,1.6,107180
Lebanon,Beirut,150.06,5,4,16,12.04,3.35,246449
Lebanon,Bekaa,104.94,3,3,39,15.5,3.26,103614
Lebanon,North,92.64,1,2,40,7.43,1.0,73331
Lebanon,South,106.68,1,1,9,32.93,0.48,45765
Lebanon,North,95.84,3,3,34,-10.34,3.4,112128
Lebanon,South,220.79,3,1,32,-8.69,1.78,283842
Lebanon,Mount Lebanon,67.27,1,1,12,30.21,0.6,109393
Lebanon,Bekaa,64.01,1,1,2,15.3,0.76,70013
Lebanon,South,63.26,2,2,10,26.96,1.11,171655
Lebanon,Nabatieh,114.56,1,1,32,36.8,0.02,44220
Lebanon,Beirut,155.7,4,3,14,-14.21,3.24,247021
Lebanon,Nabatieh,151.19,4,2,1,57.88,4.53,99462
Lebanon,North,124.07,3,2,52,33.58,0.88,39075
Lebanon,South,49.81,1,2,16,31.01,-1.75,24033
Lebanon,North,158.79,3,1,54,-7.21,-0.13,206626
Lebanon,Mount Lebanon,95.6,3,2,14,-6.24,1.95,141684
Lebanon,South,97.33,2,2,10,10.47,2.0,211175
Lebanon,South,121.18,2,2,17,27.4,1.66,109882
Lebanon,Nabatieh,119.05,3,2,8,-10.91,-2.22,113017
Lebanon,South,156.32,4,2,11,53.68,0.87,105048
Lebanon,Bekaa,211.44,4,2,7,20.41,2.99,183248
Lebanon,Nabatieh,124.38,2,2,6,14.37,2.09,177582
Lebanon,North,110.69,2,2,3,17.34,2.83,160701
Lebanon,Bekaa,147.97,2,1,11,20.58,1.27,157999
Lebanon,Nabatieh,127.96,3,3,2,43.73,3.37,65932
Lebanon,Bekaa,152.98,2,2,19,42.84,-1.21,87746
Lebanon,North,98.92,2,2,29,29.12,5.1,122237
Lebanon,Nabatieh,122.45,3,3,3,50.02,1.68,162313
Lebanon,Nabatieh,86.48,2,1,16,13.65,0.17,45322
Lebanon,Bekaa,86.79,2,1,19,27.61,3.33,109273
Lebanon,South,112.9,3,1,12,39.51,2.95,126067
Lebanon,Bekaa,61.38,1,2,14,20.27,0.11,12388
Lebanon,Mount Lebanon,198.5,3,3,2,34.68,2.53,219073
Lebanon,Beirut,175.08,4,2,21,52.95,1.9,213000
Lebanon,Mount Lebanon,82.59,1,2,13,24.63,0.66,150761
Lebanon,Nabatieh,145.41,2,1,20,14.87,0.69,102163
Lebanon,Bekaa,119.15,2,1,14,-9.57,0.09,183340
Lebanon,South,132.53,2,2,14,15.13,-0.43,80504
Lebanon,South,128.55,4,3,5,-15.44,3.15,193405
Lebanon,North,221.65,4,3,8,47.72,2.42,282790
Lebanon,Beirut,123.3,2,1,13,36.22,-1.01,126395
Lebanon,South,141.75,3,2,8,37.67,1.94,138656
Lebanon,Mount Lebanon,67.39,3,2,5,51.43,1.36,121976
Lebanon,Bekaa,227.95,4,3,7,31.48,5.88,303034
Lebanon,Bekaa,146.79,4,2,45,15.63,0.17,110480
Lebanon,Bekaa,123.81,2,2,8,19.47,1.07,149862
Lebanon,Beirut,143.8,4,2,1,1.18,0.9,214479
Lebanon,South,178.98,5,4,68,30.6,3.39,227830
Lebanon,Beirut,127.23,1,1,56,17.47,0.69,156349
Lebanon,Bekaa,187.6,2,1,140,41.08,-0.27,130417
Lebanon,Nabatieh,160.85,1,1,24,47.2,1.43,79410
Lebanon,Nabatieh,69.9,2,2,2,23.02,-0.53,25473
Lebanon,Mount Lebanon,88.22,2,2,11,18.11,1.11,22565
Lebanon,Mount Lebanon,136.54,4,4,2,45.46,1.84,177196
Lebanon,South,101.18,2,1,17,9.59,1.34,167559
Lebanon,Bekaa,106.92,3,3,14,10.83,3.12,180929
Lebanon,Mount Lebanon,169.76,2,2,8,10.78,-0.53,135493
Lebanon,Beirut,223.74,5,4,10,19.87,2.59,297545
Lebanon,North,279.67,6,4,34,40.26,2.5,308942
Lebanon,South,170.08,3,2,2,16.14,3.4,175111
Lebanon,Beirut,-21.22,1,1,2,0.78,-0.02,-11240
Lebanon,South,112.24,4,3,2,8.57,2.16,188302
Lebanon,North,216.12,3,2,9,9.7,1.78,225590
Lebanon,Beirut,215.29,5,5,37,27.26,2.88,200127
Lebanon,North,107.44,1,1,13,17.4,-2.04,79482
Lebanon,Beirut,156.2,2,1,57,15.64,1.16,84436
Lebanon,Nabatieh,126.95,4,2,38,-14.71,0.65,134700
Lebanon,Nabatieh,124.56,2,1,3,28.06,0.09,73626
Lebanon,Beirut,62.89,1,1,25,41.38,3.59,-19747
Lebanon,Beirut,154.73,3,3,20,23.07,2.82,193158
Lebanon,Mount Lebanon,149.84,2,1,12,20.1,0.47,148968
Lebanon,Mount Lebanon,170.45,4,2,7,24.67,2.81,170674
Lebanon,Nabatieh,175.05,3,1,3,33.92,1.23,207905
Lebanon,Beirut,118.91,1,2,38,28.88,1.68,73267
Lebanon,Bekaa,155.52,2,2,2,30.66,-0.67,176715
Lebanon,North,98.27,2,1,1,41.06,2.31,86118
Lebanon,South,121.24,3,3,13,33.65,-0.05,132555
Lebanon,Bekaa,131.43,3,3,17,17.53,-0.11,132902
Lebanon,North,89.71,2,1,11,28.23,-0.11,24077
Lebanon,Nabatieh,83.72,2,1,62,18.6,1.71,-27009
Lebanon,South,109.08,1,1,7,39.84,-0.75,79795
Lebanon,Bekaa,122.59,2,1,6,21.61,-0.43,76781
Lebanon,Mount Lebanon,185.08,4,3,20,-0.35,3.53,268661
Lebanon,South,138.63,3,4,19,21.78,3.44,137968
Lebanon,Nabatieh,243.82,3,1,1,19.32,1.06,294627
Lebanon,North,113.12,2,1,8,2.23,3.74,178808
Lebanon,Bekaa,164.15,2,1,7,35.09,3.85,156075
Lebanon,North,72.56,2,1,1,21.83,2.59,104695
Lebanon,Nabatieh,125.04,3,2,5,29.91,3.94,132372
Lebanon,South,137.17,2,2,4,54.72,0.63,146682
Lebanon,Bekaa,169.64,3,3,1,19.92,3.71,219798
Lebanon,Bekaa,136.14,3,2,11,50.97,1.04,130220
Lebanon,Nabatieh,121.34,2,2,30,21.06,1.5,55837
Lebanon,Beirut,107.36,3,3,12,24.06,1.43,173793
Lebanon,Nabatieh,147.55,2,2,32,47.3,1.44,110816
Lebanon,Beirut,165.98,4,3,18,-12.86,4.01,222053
Lebanon,Mount Lebanon,103.78,2,1,27,31.91,1.91,67783
Lebanon,Bekaa,69.95,2,1,64,27.96,4.11,30985
Lebanon,North,158.29,2,1,65,20.63,-1.06,104380
Lebanon,North,142.35,3,1,20,23.34,5.25,188275
Lebanon,South,122.8,2,1,46,13.03,2.54,208982
Lebanon,Beirut,163.24,3,2,9,6.51,4.19,209479
Lebanon,Mount Lebanon,169.72,3,2,15,16.44,-0.28,170331
Lebanon,North,89.57,4,3,11,45.88,2.01,99935
Lebanon,Mount Lebanon,110.77,2,2,4,29.66,1.51,136892
Lebanon,Beirut,70.71,2,1,7,26.39,2.56,83858
Lebanon,South,171.2,4,3,40,24.33,4.69,225202
Lebanon,South,95.96,4,4,13,36.7,1.39,28867
Lebanon,Bekaa,218.63,3,2,3,19.47,3.27,249503
Lebanon,Beirut,105.46,3,2,16,30.84,-0.78,83956
Lebanon,South,108.09,2,1,2,32.09,-0.48,28564
Lebanon,Beirut,84.59,2,1,4,-1.21,-1.54,73880
Lebanon,Nabatieh,121.0,2,2,36,-3.28,1.36,109440
Lebanon,South,203.07,5,4,74,-12.54,4.67,285110
Lebanon,South,146.88,2,2,3,17.34,-0.41,112435
Lebanon,South,108.92,2,2,9,21.75,1.25,157357
Lebanon,South,167.59,3,2,22,23.25,1.3,182273
Lebanon,Beirut,118.48,3,2,19,25.34,0.1,130410
Lebanon,Bekaa,203.29,2,1,2,27.58,3.01,212971
Lebanon,North,156.77,3,1,12,50.55,1.03,142997
Lebanon,North,166.13,3,1,2,1.56,1.83,166441
Lebanon,Nabatieh,84.47,2,2,17,11.27,0.82,57159
Lebanon,South,144.61,2,2,15,36.37,1.21,107525
Lebanon,Nabatieh,251.05,4,3,1,15.85,-0.79,243052
Lebanon,Bekaa,107.22,2,1,2,8.7,-0.73,149662
Lebanon,Mount Lebanon,47.57,1,2,6,9.61,2.82,130192
Lebanon,Nabatieh,179.44,3,2,15,7.04,1.56,236876
Lebanon,South,123.05,2,1,1,21.73,0.7,72813
Lebanon,Nabatieh,134.98,2,1,13,20.8,2.78,177739
Lebanon,Nabatieh,212.24,5,4,13,42.67,2.66,175334
Lebanon,Mount Lebanon,245.46,5,5,26,-4.99,4.48,371836
Lebanon,Nabatieh,139.98,2,2,18,14.09,1.71,125002
Lebanon,Nabatieh,144.0,4,3,10,9.51,0.79,121449
Lebanon,North,118.92,3,4,5,12.38,0.86,182441
Lebanon,Nabatieh,199.56,3,2,7,24.63,-0.1,136408
Lebanon,North,150.83,3,2,3,22.91,3.85,174710
Lebanon,Nabatieh,182.47,5,4,17,29.21,4.26,230030
Lebanon,Mount Lebanon,143.14,4,3,40,2.64,0.49,150162
Lebanon,Nabatieh,136.48,2,2,3,1.13,3.5,203551
Lebanon,Bekaa,207.92,2,1,23,-0.65,4.04,193787
Lebanon,South,145.62,3,1,12,18.47,3.91,201102
Lebanon,Nabatieh,115.65,2,2,2,24.79,0.0,55059
Lebanon,South,102.94,2,1,11,28.21,0.93,46481
Lebanon,North,67.65,2,2,13,20.26,3.01,78899
Lebanon,Bekaa,132.99,3,2,13,8.7,1.82,206768
Lebanon,South,17.6,1,1,18,25.22,-0.15,-78309
Lebanon,South,152.6,4,3,7,32.1,2.35,136035
Lebanon,Nabatieh,119.4,1,1,42,17.9,1.82,44850
Lebanon,Bekaa,169.27,3,2,3,28.64,2.0,204788
Lebanon,North,130.6,1,1,4,34.97,0.65,146462
Lebanon,Bekaa,60.43,2,2,4,6.89,1.29,43690
Lebanon,Beirut,31.38,1,1,14,37.28,1.54,97167
Lebanon,Beirut,152.33,4,3,34,1.95,5.36,174197
Lebanon,North,143.07,1,2,7,18.38,2.5,82887
Lebanon,Bekaa,73.13,3,1,1,-4.11,1.88,122086
Lebanon,North,47.32,2,2,18,4.76,1.88,78550
Lebanon,South,171.55,2,2,32,-20.76,1.44,188878
Lebanon,North,97.2,2,2,8,7.77,-0.18,61030
Lebanon,Beirut,180.23,4,2,14,5.6,0.38,217413
Lebanon,South,195.63,5,3,4,7.34,5.27,281228
Lebanon,Nabatieh,144.17,3,1,8,37.78,2.82,195138
Lebanon,Mount Lebanon,97.44,2,1,3,14.64,1.06,135472
Lebanon,South,159.8,2,2,18,23.71,1.9,162558
Lebanon,North,81.3,2,2,27,31.6,2.43,118291
Lebanon,Bekaa,117.34,1,2,37,3.14,1.42,101265
Lebanon,Mount Lebanon,116.14,4,5,10,8.04,1.97,143204
Lebanon,North,182.31,4,3,16,18.41,2.66,204999
Lebanon,Bekaa,191.06,4,3,27,47.53,3.98,214608
Lebanon,Beirut,90.01,2,1,1,33.21,0.72,15981
Lebanon,Nabatieh,150.65,4,3,11,-24.15,1.33,262777
Lebanon,Beirut,197.7,3,3,13,26.32,0.7,166240
Lebanon,North,153.92,5,3,4,-5.85,4.74,286556
Lebanon,Beirut,88.65,3,2,15,58.69,4.36,68910
